seed,canonical_model,model_status,result_set,source_file,raw_key,id_psnr,ood_psnr,all_psnr,n_items
1,LIIF,baseline,seed1_signed_phiz,artifacts/raw_results/seed1/benchmark_signed_phiz.json,LIIF,30.999150,22.711137,25.473808,36
1,LTE,baseline,seed1_signed_phiz,artifacts/raw_results/seed1/benchmark_signed_phiz.json,LTE,31.044950,22.691688,25.476108,36
1,SC-INR,active_final_candidate,seed1_signed_phiz,artifacts/raw_results/seed1/benchmark_signed_phiz.json,SC-INR+PhiZ,31.118717,22.776575,25.557289,36
2,LIIF,baseline,seed2_core,artifacts/raw_results/seed2/benchmark.json,LIIF,31.039900,22.729117,25.499378,36
2,LTE,baseline,seed2_core,artifacts/raw_results/seed2/benchmark.json,LTE,31.100625,22.717271,25.511722,36
2,SC-INR,active_final_candidate,seed2_final_sc_inr,artifacts/raw_results/seed2/benchmark_sc_inr.json,SC-INR,31.008067,22.721292,25.483550,36
3,LIIF,baseline,seed3_core,artifacts/raw_results/seed3/benchmark.json,LIIF,31.051242,22.734896,25.507011,36
3,LTE,baseline,seed3_core,artifacts/raw_results/seed3/benchmark.json,LTE,31.090158,22.713208,25.505525,36
3,SC-INR,active_final_candidate,seed3_final_sc_inr,artifacts/raw_results/seed3/benchmark_sc_inr.json,SC-INR,31.094692,22.775562,25.548606,36
