canonical_model,split,mean_psnr,std_psnr,n_seeds,min_psnr,max_psnr
LIIF,ID,31.030097,0.027395,3,30.999150,31.051242
LIIF,OOD,22.725050,0.012391,3,22.711137,22.734896
LIIF,ALL,25.493399,0.017390,3,25.473808,25.507011
LTE,ID,31.078578,0.029589,3,31.044950,31.100625
LTE,OOD,22.707389,0.013748,3,22.691688,22.717271
LTE,ALL,25.497785,0.019027,3,25.476108,25.511722
SC-INR,ID,31.073825,0.058202,3,31.008067,31.118717
SC-INR,OOD,22.757810,0.031629,3,22.721292,22.776575
SC-INR,ALL,25.529815,0.040301,3,25.483550,25.557289
