model,split,mean_psnr,std_psnr,n_seeds,delta_mean_vs_lte,delta_std_vs_lte
LIIF,ID,31.030097,0.027394,3,-0.048481,0.011149
LIIF,OOD,22.725050,0.012390,3,0.017661,0.005159
LIIF,ALL,25.493399,0.017390,3,-0.004386,0.007147
LTE,ID,31.078578,0.029589,3,0.000000,0.000000
LTE,OOD,22.707389,0.013749,3,0.000000,0.000000
LTE,ALL,25.497785,0.019027,3,0.000000,0.000000
SC-INR,ID,31.074553,0.020292,3,-0.004025,0.009298
SC-INR,OOD,22.758097,0.010508,3,0.050708,0.004683
SC-INR,ALL,25.530249,0.013654,3,0.032464,0.005826
