baseline,seed,dataset,image,split,n_scales,mean_delta,median_delta,win_rate
LIIF,1,BSD100,101085.png,ID,3,0.01875359,0.01485474,1.00000000
LIIF,1,BSD100,101085.png,OOD,6,0.02936943,0.04687753,0.83333333
LIIF,1,BSD100,101087.png,ID,3,0.03612988,0.03780537,1.00000000
LIIF,1,BSD100,101087.png,OOD,6,0.10073919,0.09046736,1.00000000
LIIF,1,BSD100,102061.png,ID,3,0.09324702,0.08393506,1.00000000
LIIF,1,BSD100,102061.png,OOD,6,0.02438432,0.01601507,0.66666667
LIIF,1,BSD100,103070.png,ID,3,0.00049028,0.00619008,0.66666667
LIIF,1,BSD100,103070.png,OOD,6,0.03247266,0.03250960,0.83333333
LIIF,1,BSD100,105025.png,ID,3,0.01528974,0.01340382,1.00000000
LIIF,1,BSD100,105025.png,OOD,6,0.03893468,0.02284163,0.83333333
LIIF,1,BSD100,106024.png,ID,3,0.07727961,0.08307923,1.00000000
LIIF,1,BSD100,106024.png,OOD,6,0.08420633,0.08257294,1.00000000
LIIF,1,BSD100,108005.png,ID,3,0.01976260,0.04101189,0.66666667
LIIF,1,BSD100,108005.png,OOD,6,0.03307925,0.04419573,0.66666667
LIIF,1,BSD100,108070.png,ID,3,0.01297350,0.01270581,0.66666667
LIIF,1,BSD100,108070.png,OOD,6,0.02179991,0.02453171,0.83333333
LIIF,1,BSD100,108082.png,ID,3,0.04126998,0.05098607,1.00000000
LIIF,1,BSD100,108082.png,OOD,6,0.02843811,0.04924484,0.66666667
LIIF,1,BSD100,109053.png,ID,3,0.02841706,0.02744824,1.00000000
LIIF,1,BSD100,109053.png,OOD,6,-0.00479541,0.00815467,0.66666667
LIIF,1,Set14,baboon.png,ID,3,0.03109221,0.03114470,1.00000000
LIIF,1,Set14,baboon.png,OOD,6,0.01869639,0.01443106,1.00000000
LIIF,1,Set14,barbara.png,ID,3,0.32716739,0.37949781,1.00000000
LIIF,1,Set14,barbara.png,OOD,6,0.03950712,0.03026757,0.83333333
LIIF,1,Set14,bridge.png,ID,3,-0.00158230,-0.00381159,0.33333333
LIIF,1,Set14,bridge.png,OOD,6,-0.01376654,-0.01078466,0.16666667
LIIF,1,Set14,coastguard.png,ID,3,-0.03219327,-0.03133815,0.00000000
LIIF,1,Set14,coastguard.png,OOD,6,0.00849594,0.00655540,0.50000000
LIIF,1,Set14,comic.png,ID,3,0.05662752,0.05375824,1.00000000
LIIF,1,Set14,comic.png,OOD,6,0.02659289,0.02666192,0.66666667
LIIF,1,Set14,face.png,ID,3,0.01365370,0.01295703,1.00000000
LIIF,1,Set14,face.png,OOD,6,0.01585241,0.00976503,0.83333333
LIIF,1,Set14,flowers.png,ID,3,0.09404126,0.10464354,1.00000000
LIIF,1,Set14,flowers.png,OOD,6,-0.00592626,-0.02579987,0.33333333
LIIF,1,Set14,foreman.png,ID,3,0.01225241,0.02935859,0.66666667
LIIF,1,Set14,foreman.png,OOD,6,0.07177001,0.05710515,0.83333333
LIIF,1,Set14,lenna.png,ID,3,0.09575235,0.10991116,1.00000000
LIIF,1,Set14,lenna.png,OOD,6,0.09735917,0.09966366,0.83333333
LIIF,1,Set14,man.png,ID,3,0.03629729,0.03802879,1.00000000
LIIF,1,Set14,man.png,OOD,6,0.00509921,0.01224116,0.50000000
LIIF,1,Set5,baby.png,ID,3,0.02824207,0.02317903,1.00000000
LIIF,1,Set5,baby.png,OOD,6,0.09557798,0.09330429,0.83333333
LIIF,1,Set5,bird.png,ID,3,0.18592519,0.14966721,1.00000000
LIIF,1,Set5,bird.png,OOD,6,0.10548655,0.07893329,0.83333333
LIIF,1,Set5,butterfly.png,ID,3,0.29315318,0.28136438,1.00000000
LIIF,1,Set5,butterfly.png,OOD,6,0.08746801,0.12649726,0.66666667
LIIF,1,Set5,head.png,ID,3,-0.01094568,-0.01089501,0.33333333
LIIF,1,Set5,head.png,OOD,6,0.04971332,0.06010048,0.83333333
LIIF,1,Set5,woman.png,ID,3,0.08101439,0.09519246,1.00000000
LIIF,1,Set5,woman.png,OOD,6,0.13409715,0.13269451,1.00000000
LIIF,1,Urban100,img_001.png,ID,3,0.22922804,0.24195708,1.00000000
LIIF,1,Urban100,img_001.png,OOD,6,0.07815134,0.08783328,1.00000000
LIIF,1,Urban100,img_002.png,ID,3,0.16592887,0.16827834,1.00000000
LIIF,1,Urban100,img_002.png,OOD,6,0.01877966,0.01132247,0.66666667
LIIF,1,Urban100,img_003.png,ID,3,0.10581501,0.09793300,1.00000000
LIIF,1,Urban100,img_003.png,OOD,6,0.03955373,0.03499922,1.00000000
LIIF,1,Urban100,img_004.png,ID,3,0.51130922,0.48827896,1.00000000
LIIF,1,Urban100,img_004.png,OOD,6,0.13268843,0.11500817,0.83333333
LIIF,1,Urban100,img_005.png,ID,3,0.16450198,0.12194034,1.00000000
LIIF,1,Urban100,img_005.png,OOD,6,0.19236586,0.17775765,1.00000000
LIIF,1,Urban100,img_006.png,ID,3,0.09243451,0.05633962,1.00000000
LIIF,1,Urban100,img_006.png,OOD,6,0.01768360,0.03239757,0.66666667
LIIF,1,Urban100,img_007.png,ID,3,0.10379412,0.10331448,1.00000000
LIIF,1,Urban100,img_007.png,OOD,6,0.04905771,0.04617853,1.00000000
LIIF,1,Urban100,img_008.png,ID,3,0.08020114,0.06033316,1.00000000
LIIF,1,Urban100,img_008.png,OOD,6,0.00016588,0.00396786,0.50000000
LIIF,1,Urban100,img_009.png,ID,3,0.29519706,0.19189892,1.00000000
LIIF,1,Urban100,img_009.png,OOD,6,0.05510254,0.04826143,0.83333333
LIIF,1,Urban100,img_010.png,ID,3,0.29763418,0.23700397,1.00000000
LIIF,1,Urban100,img_010.png,OOD,6,0.03623395,0.02247989,1.00000000
LIIF,2,BSD100,101085.png,ID,3,0.00146320,-0.00011015,0.33333333
LIIF,2,BSD100,101085.png,OOD,6,-0.00073349,-0.00271708,0.50000000
LIIF,2,BSD100,101087.png,ID,3,-0.02240048,-0.02130351,0.00000000
LIIF,2,BSD100,101087.png,OOD,6,0.00742967,0.00449401,0.50000000
LIIF,2,BSD100,102061.png,ID,3,-0.05568277,-0.06189357,0.00000000
LIIF,2,BSD100,102061.png,OOD,6,-0.01810991,-0.01459492,0.33333333
LIIF,2,BSD100,103070.png,ID,3,0.00229992,0.03207208,0.66666667
LIIF,2,BSD100,103070.png,OOD,6,0.02764405,0.01826914,0.66666667
LIIF,2,BSD100,105025.png,ID,3,-0.00901558,-0.00894996,0.00000000
LIIF,2,BSD100,105025.png,OOD,6,-0.01541702,-0.01207833,0.33333333
LIIF,2,BSD100,106024.png,ID,3,0.00874784,0.01186679,0.66666667
LIIF,2,BSD100,106024.png,OOD,6,-0.06356824,-0.02249140,0.33333333
LIIF,2,BSD100,108005.png,ID,3,-0.01780053,-0.03575632,0.33333333
LIIF,2,BSD100,108005.png,OOD,6,-0.03290160,-0.01828651,0.16666667
LIIF,2,BSD100,108070.png,ID,3,-0.00211182,-0.00303346,0.33333333
LIIF,2,BSD100,108070.png,OOD,6,0.02504462,0.01035708,0.83333333
LIIF,2,BSD100,108082.png,ID,3,-0.01274793,-0.00478957,0.00000000
LIIF,2,BSD100,108082.png,OOD,6,0.03925642,0.03346509,0.66666667
LIIF,2,BSD100,109053.png,ID,3,0.01496514,-0.00711162,0.33333333
LIIF,2,BSD100,109053.png,OOD,6,0.00835970,0.01492090,0.66666667
LIIF,2,Set14,baboon.png,ID,3,-0.01118685,-0.01053230,0.00000000
LIIF,2,Set14,baboon.png,OOD,6,0.00358381,0.00014078,0.50000000
LIIF,2,Set14,barbara.png,ID,3,0.24114087,0.15632017,1.00000000
LIIF,2,Set14,barbara.png,OOD,6,0.00252381,-0.00331130,0.50000000
LIIF,2,Set14,bridge.png,ID,3,-0.00190373,-0.01215035,0.33333333
LIIF,2,Set14,bridge.png,OOD,6,0.03611452,0.02592551,0.83333333
LIIF,2,Set14,coastguard.png,ID,3,-0.05335538,-0.05210317,0.33333333
LIIF,2,Set14,coastguard.png,OOD,6,-0.00825465,-0.02161935,0.33333333
LIIF,2,Set14,comic.png,ID,3,-0.02900715,-0.01524669,0.00000000
LIIF,2,Set14,comic.png,OOD,6,0.04838696,0.04963859,0.83333333
LIIF,2,Set14,face.png,ID,3,0.00653342,0.00620918,0.66666667
LIIF,2,Set14,face.png,OOD,6,-0.06352987,-0.04206131,0.33333333
LIIF,2,Set14,flowers.png,ID,3,-0.04139027,-0.04011995,0.00000000
LIIF,2,Set14,flowers.png,OOD,6,0.03127996,0.02736540,0.66666667
LIIF,2,Set14,foreman.png,ID,3,-0.03930622,-0.03264434,0.00000000
LIIF,2,Set14,foreman.png,OOD,6,-0.03277174,-0.01421475,0.50000000
LIIF,2,Set14,lenna.png,ID,3,-0.04913302,-0.03162148,0.00000000
LIIF,2,Set14,lenna.png,OOD,6,-0.03970101,-0.06186693,0.16666667
LIIF,2,Set14,man.png,ID,3,0.00762078,0.00741893,0.66666667
LIIF,2,Set14,man.png,OOD,6,0.01083626,0.00909185,0.50000000
LIIF,2,Set5,baby.png,ID,3,-0.02345443,-0.01788108,0.33333333
LIIF,2,Set5,baby.png,OOD,6,-0.06314014,-0.06774118,0.16666667
LIIF,2,Set5,bird.png,ID,3,0.10150272,0.13844223,0.66666667
LIIF,2,Set5,bird.png,OOD,6,0.02637441,0.08213527,0.66666667
LIIF,2,Set5,butterfly.png,ID,3,-0.01921869,-0.03470731,0.33333333
LIIF,2,Set5,butterfly.png,OOD,6,0.04179592,0.08203699,0.83333333
LIIF,2,Set5,head.png,ID,3,0.00988357,0.00719355,1.00000000
LIIF,2,Set5,head.png,OOD,6,-0.03897729,0.03104108,0.66666667
LIIF,2,Set5,woman.png,ID,3,-0.05444064,-0.06765089,0.00000000
LIIF,2,Set5,woman.png,OOD,6,-0.03693446,0.00363494,0.50000000
LIIF,2,Urban100,img_001.png,ID,3,-0.08044543,-0.06134633,0.00000000
LIIF,2,Urban100,img_001.png,OOD,6,0.01905547,0.01367811,0.66666667
LIIF,2,Urban100,img_002.png,ID,3,-0.07121605,-0.05628485,0.00000000
LIIF,2,Urban100,img_002.png,OOD,6,0.10912671,0.11302991,1.00000000
LIIF,2,Urban100,img_003.png,ID,3,-0.03149548,-0.02834568,0.00000000
LIIF,2,Urban100,img_003.png,OOD,6,-0.00785265,-0.01499304,0.33333333
LIIF,2,Urban100,img_004.png,ID,3,-0.71159037,-0.71325274,0.00000000
LIIF,2,Urban100,img_004.png,OOD,6,-0.11328930,-0.00693743,0.50000000
LIIF,2,Urban100,img_005.png,ID,3,-0.05155018,-0.05102341,0.00000000
LIIF,2,Urban100,img_005.png,OOD,6,0.03558169,0.03098365,0.66666667
LIIF,2,Urban100,img_006.png,ID,3,-0.03320331,-0.04591180,0.33333333
LIIF,2,Urban100,img_006.png,OOD,6,0.03979209,0.03028069,0.66666667
LIIF,2,Urban100,img_007.png,ID,3,-0.02073015,-0.02496104,0.33333333
LIIF,2,Urban100,img_007.png,OOD,6,-0.03106241,-0.04200218,0.16666667
LIIF,2,Urban100,img_008.png,ID,3,-0.01908261,-0.01046756,0.33333333
LIIF,2,Urban100,img_008.png,OOD,6,0.04544781,0.04375892,1.00000000
LIIF,2,Urban100,img_009.png,ID,3,0.14149747,0.11442833,1.00000000
LIIF,2,Urban100,img_009.png,OOD,6,-0.03465195,-0.05586092,0.33333333
LIIF,2,Urban100,img_010.png,ID,3,-0.35916740,-0.38302962,0.00000000
LIIF,2,Urban100,img_010.png,OOD,6,-0.04558269,-0.04691804,0.16666667
LIIF,3,BSD100,101085.png,ID,3,-0.00014488,-0.00268917,0.33333333
LIIF,3,BSD100,101085.png,OOD,6,-0.04063167,-0.00483106,0.50000000
LIIF,3,BSD100,101087.png,ID,3,0.02268131,0.02288340,0.66666667
LIIF,3,BSD100,101087.png,OOD,6,0.02613100,-0.00203347,0.50000000
LIIF,3,BSD100,102061.png,ID,3,0.02748442,0.03432314,0.66666667
LIIF,3,BSD100,102061.png,OOD,6,0.00750134,0.01537458,0.66666667
LIIF,3,BSD100,103070.png,ID,3,-0.01312889,-0.02020183,0.33333333
LIIF,3,BSD100,103070.png,OOD,6,0.01718796,0.00732898,0.50000000
LIIF,3,BSD100,105025.png,ID,3,-0.01163052,-0.00883662,0.00000000
LIIF,3,BSD100,105025.png,OOD,6,0.01428701,0.02154104,0.66666667
LIIF,3,BSD100,106024.png,ID,3,0.00303428,0.01337356,0.66666667
LIIF,3,BSD100,106024.png,OOD,6,0.09663758,0.11333529,0.83333333
LIIF,3,BSD100,108005.png,ID,3,-0.00836350,-0.00888279,0.00000000
LIIF,3,BSD100,108005.png,OOD,6,0.01651272,0.00768187,0.83333333
LIIF,3,BSD100,108070.png,ID,3,0.00133551,0.00646832,0.66666667
LIIF,3,BSD100,108070.png,OOD,6,0.00794989,0.00625685,0.66666667
LIIF,3,BSD100,108082.png,ID,3,-0.00057186,-0.00597346,0.33333333
LIIF,3,BSD100,108082.png,OOD,6,0.05302416,0.04528049,0.83333333
LIIF,3,BSD100,109053.png,ID,3,-0.01519252,-0.01360719,0.00000000
LIIF,3,BSD100,109053.png,OOD,6,0.00847781,0.00449539,0.83333333
LIIF,3,Set14,baboon.png,ID,3,0.00930587,0.00767878,1.00000000
LIIF,3,Set14,baboon.png,OOD,6,0.00337041,0.00442252,0.83333333
LIIF,3,Set14,barbara.png,ID,3,0.19661732,0.17766588,1.00000000
LIIF,3,Set14,barbara.png,OOD,6,0.01284916,0.01028300,0.66666667
LIIF,3,Set14,bridge.png,ID,3,0.00544101,0.01479953,0.66666667
LIIF,3,Set14,bridge.png,OOD,6,-0.00627777,0.00947635,0.66666667
LIIF,3,Set14,coastguard.png,ID,3,0.02248572,0.02756016,0.66666667
LIIF,3,Set14,coastguard.png,OOD,6,0.04208196,0.02329574,0.83333333
LIIF,3,Set14,comic.png,ID,3,0.02649325,0.03836817,0.66666667
LIIF,3,Set14,comic.png,OOD,6,0.00247449,-0.00054947,0.50000000
LIIF,3,Set14,face.png,ID,3,0.03335253,0.02605910,1.00000000
LIIF,3,Set14,face.png,OOD,6,0.03786940,0.01618307,0.83333333
LIIF,3,Set14,flowers.png,ID,3,0.04296073,0.05222587,1.00000000
LIIF,3,Set14,flowers.png,OOD,6,0.02560344,0.02259915,0.83333333
LIIF,3,Set14,foreman.png,ID,3,0.03865382,0.01171319,0.66666667
LIIF,3,Set14,foreman.png,OOD,6,0.01195887,-0.03483448,0.33333333
LIIF,3,Set14,lenna.png,ID,3,0.08899934,0.08178765,1.00000000
LIIF,3,Set14,lenna.png,OOD,6,0.15509045,0.11628641,1.00000000
LIIF,3,Set14,man.png,ID,3,-0.00141852,-0.00936585,0.33333333
LIIF,3,Set14,man.png,OOD,6,0.03220354,0.02686984,0.83333333
LIIF,3,Set5,baby.png,ID,3,0.02012896,0.02227675,1.00000000
LIIF,3,Set5,baby.png,OOD,6,0.05442789,0.02094227,1.00000000
LIIF,3,Set5,bird.png,ID,3,0.13108705,0.20383429,0.66666667
LIIF,3,Set5,bird.png,OOD,6,0.09967059,0.08971354,0.83333333
LIIF,3,Set5,butterfly.png,ID,3,0.00969457,-0.00259145,0.33333333
LIIF,3,Set5,butterfly.png,OOD,6,0.01936200,-0.00104666,0.50000000
LIIF,3,Set5,head.png,ID,3,0.03727689,0.03669413,1.00000000
LIIF,3,Set5,head.png,OOD,6,0.05185355,0.02869179,0.83333333
LIIF,3,Set5,woman.png,ID,3,0.11059954,0.08601277,1.00000000
LIIF,3,Set5,woman.png,OOD,6,0.03810769,0.04079581,0.83333333
LIIF,3,Urban100,img_001.png,ID,3,0.04165204,0.03837954,1.00000000
LIIF,3,Urban100,img_001.png,OOD,6,0.03238037,0.03428178,0.83333333
LIIF,3,Urban100,img_002.png,ID,3,0.08578101,0.09352643,1.00000000
LIIF,3,Urban100,img_002.png,OOD,6,0.13038758,0.12174504,1.00000000
LIIF,3,Urban100,img_003.png,ID,3,0.04048992,0.04039808,1.00000000
LIIF,3,Urban100,img_003.png,OOD,6,0.04470395,0.04174823,1.00000000
LIIF,3,Urban100,img_004.png,ID,3,0.48212985,0.48964619,1.00000000
LIIF,3,Urban100,img_004.png,OOD,6,0.16784124,0.17886754,1.00000000
LIIF,3,Urban100,img_005.png,ID,3,0.31302468,0.36455464,1.00000000
LIIF,3,Urban100,img_005.png,OOD,6,0.04132632,0.06314981,0.66666667
LIIF,3,Urban100,img_006.png,ID,3,0.09297755,0.05932869,1.00000000
LIIF,3,Urban100,img_006.png,OOD,6,0.06027779,0.04251096,1.00000000
LIIF,3,Urban100,img_007.png,ID,3,0.04314371,0.03939588,1.00000000
LIIF,3,Urban100,img_007.png,OOD,6,0.07102533,0.06782034,0.83333333
LIIF,3,Urban100,img_008.png,ID,3,0.14039965,0.12749496,1.00000000
LIIF,3,Urban100,img_008.png,OOD,6,0.03420744,0.03113468,1.00000000
LIIF,3,Urban100,img_009.png,ID,3,0.00804444,0.02177725,0.66666667
LIIF,3,Urban100,img_009.png,OOD,6,0.04485909,0.04237460,1.00000000
LIIF,3,Urban100,img_010.png,ID,3,0.03782230,0.03329947,1.00000000
LIIF,3,Urban100,img_010.png,OOD,6,-0.01272272,-0.01827713,0.16666667
LTE,1,BSD100,101085.png,ID,3,0.00735907,0.00537382,1.00000000
LTE,1,BSD100,101085.png,OOD,6,0.10994455,0.09453206,0.83333333
LTE,1,BSD100,101087.png,ID,3,-0.00166406,0.00588995,0.66666667
LTE,1,BSD100,101087.png,OOD,6,0.06104568,0.05569494,1.00000000
LTE,1,BSD100,102061.png,ID,3,0.00235357,0.01700998,0.66666667
LTE,1,BSD100,102061.png,OOD,6,0.00516271,0.01488099,0.83333333
LTE,1,BSD100,103070.png,ID,3,-0.02029134,-0.01697604,0.00000000
LTE,1,BSD100,103070.png,OOD,6,0.04028898,0.03848322,1.00000000
LTE,1,BSD100,105025.png,ID,3,0.00614060,0.00919345,0.66666667
LTE,1,BSD100,105025.png,OOD,6,0.01711319,0.01987526,0.83333333
LTE,1,BSD100,106024.png,ID,3,0.01408829,0.00121931,0.66666667
LTE,1,BSD100,106024.png,OOD,6,0.09564411,0.12369673,0.66666667
LTE,1,BSD100,108005.png,ID,3,0.03201951,0.05463881,0.66666667
LTE,1,BSD100,108005.png,OOD,6,0.07212016,0.05961312,1.00000000
LTE,1,BSD100,108070.png,ID,3,0.00329370,0.00167251,0.66666667
LTE,1,BSD100,108070.png,OOD,6,0.02567398,0.01781015,1.00000000
LTE,1,BSD100,108082.png,ID,3,0.04518386,0.05434170,1.00000000
LTE,1,BSD100,108082.png,OOD,6,0.05348995,0.03968166,1.00000000
LTE,1,BSD100,109053.png,ID,3,0.01196956,0.01872050,0.66666667
LTE,1,BSD100,109053.png,OOD,6,0.05249176,0.06717928,0.83333333
LTE,1,Set14,baboon.png,ID,3,0.01210520,0.01272034,1.00000000
LTE,1,Set14,baboon.png,OOD,6,0.03005113,0.02246762,1.00000000
LTE,1,Set14,barbara.png,ID,3,0.08912455,0.16555226,0.66666667
LTE,1,Set14,barbara.png,OOD,6,0.03610124,0.03314603,0.83333333
LTE,1,Set14,bridge.png,ID,3,-0.00991431,-0.00736876,0.00000000
LTE,1,Set14,bridge.png,OOD,6,0.00559037,0.01572953,0.66666667
LTE,1,Set14,coastguard.png,ID,3,-0.05407445,-0.07805011,0.33333333
LTE,1,Set14,coastguard.png,OOD,6,0.05083091,0.06670015,0.83333333
LTE,1,Set14,comic.png,ID,3,0.02976009,0.01938018,1.00000000
LTE,1,Set14,comic.png,OOD,6,-0.00649277,-0.01470279,0.50000000
LTE,1,Set14,face.png,ID,3,0.00358264,-0.00245533,0.33333333
LTE,1,Set14,face.png,OOD,6,0.00234442,0.01790414,0.66666667
LTE,1,Set14,flowers.png,ID,3,0.04879962,0.05817695,0.66666667
LTE,1,Set14,flowers.png,OOD,6,0.03920196,0.02423441,0.83333333
LTE,1,Set14,foreman.png,ID,3,-0.02438255,-0.06437512,0.33333333
LTE,1,Set14,foreman.png,OOD,6,0.17456981,0.15678056,1.00000000
LTE,1,Set14,lenna.png,ID,3,0.08642342,0.08771299,1.00000000
LTE,1,Set14,lenna.png,OOD,6,0.13850709,0.08396866,1.00000000
LTE,1,Set14,man.png,ID,3,0.00948610,0.01606469,0.66666667
LTE,1,Set14,man.png,OOD,6,0.05352597,0.06280410,1.00000000
LTE,1,Set5,baby.png,ID,3,0.01463238,0.01639001,0.66666667
LTE,1,Set5,baby.png,OOD,6,0.16917446,0.16797373,1.00000000
LTE,1,Set5,bird.png,ID,3,0.12708517,0.04857160,0.66666667
LTE,1,Set5,bird.png,OOD,6,0.11953210,0.09267549,0.50000000
LTE,1,Set5,butterfly.png,ID,3,0.33563091,0.35041675,1.00000000
LTE,1,Set5,butterfly.png,OOD,6,0.18883840,0.24073707,0.83333333
LTE,1,Set5,head.png,ID,3,-0.00177446,-0.00681973,0.33333333
LTE,1,Set5,head.png,OOD,6,-0.00242133,0.01186610,0.66666667
LTE,1,Set5,woman.png,ID,3,0.03559830,0.02529419,0.66666667
LTE,1,Set5,woman.png,OOD,6,0.13504675,0.13095524,1.00000000
LTE,1,Urban100,img_001.png,ID,3,0.08890273,0.09588545,1.00000000
LTE,1,Urban100,img_001.png,OOD,6,0.11722413,0.10519817,1.00000000
LTE,1,Urban100,img_002.png,ID,3,0.07123709,0.05915067,1.00000000
LTE,1,Urban100,img_002.png,OOD,6,0.04653543,0.04286214,0.83333333
LTE,1,Urban100,img_003.png,ID,3,0.06282751,0.06966699,1.00000000
LTE,1,Urban100,img_003.png,OOD,6,0.04802056,0.04854684,1.00000000
LTE,1,Urban100,img_004.png,ID,3,0.06990482,0.09059604,0.66666667
LTE,1,Urban100,img_004.png,OOD,6,-0.00415866,0.01029204,0.66666667
LTE,1,Urban100,img_005.png,ID,3,-0.04156192,0.04011632,0.66666667
LTE,1,Urban100,img_005.png,OOD,6,0.18041733,0.18563084,1.00000000
LTE,1,Urban100,img_006.png,ID,3,0.06307481,0.03628477,1.00000000
LTE,1,Urban100,img_006.png,OOD,6,0.02226216,0.01380469,0.66666667
LTE,1,Urban100,img_007.png,ID,3,0.07440260,0.06948606,1.00000000
LTE,1,Urban100,img_007.png,OOD,6,0.11613178,0.10744197,0.83333333
LTE,1,Urban100,img_008.png,ID,3,0.14807219,0.17525626,1.00000000
LTE,1,Urban100,img_008.png,OOD,6,0.01391179,0.01084506,0.66666667
LTE,1,Urban100,img_009.png,ID,3,0.24596330,0.30747267,1.00000000
LTE,1,Urban100,img_009.png,OOD,6,0.09257823,0.08150730,1.00000000
LTE,1,Urban100,img_010.png,ID,3,-0.08580101,-0.07491427,0.00000000
LTE,1,Urban100,img_010.png,OOD,6,0.08259394,0.08196080,1.00000000
LTE,2,BSD100,101085.png,ID,3,-0.01781063,-0.01985543,0.00000000
LTE,2,BSD100,101085.png,OOD,6,0.03858530,0.00208832,0.50000000
LTE,2,BSD100,101087.png,ID,3,-0.03722590,-0.03560481,0.00000000
LTE,2,BSD100,101087.png,OOD,6,0.04300057,0.00359067,0.66666667
LTE,2,BSD100,102061.png,ID,3,-0.09562113,-0.09631153,0.00000000
LTE,2,BSD100,102061.png,OOD,6,-0.03525130,-0.01352718,0.33333333
LTE,2,BSD100,103070.png,ID,3,0.00274598,-0.00500833,0.33333333
LTE,2,BSD100,103070.png,OOD,6,0.03698595,0.03580253,0.83333333
LTE,2,BSD100,105025.png,ID,3,-0.01988933,-0.01659368,0.00000000
LTE,2,BSD100,105025.png,OOD,6,-0.01086004,-0.01682472,0.33333333
LTE,2,BSD100,106024.png,ID,3,-0.03262790,-0.04716944,0.33333333
LTE,2,BSD100,106024.png,OOD,6,-0.00695320,-0.01317702,0.16666667
LTE,2,BSD100,108005.png,ID,3,-0.03127081,-0.01620495,0.00000000
LTE,2,BSD100,108005.png,OOD,6,-0.00470642,-0.00822857,0.50000000
LTE,2,BSD100,108070.png,ID,3,-0.02152166,-0.02868502,0.00000000
LTE,2,BSD100,108070.png,OOD,6,0.01438699,0.00987536,0.66666667
LTE,2,BSD100,108082.png,ID,3,-0.02450158,-0.02019306,0.00000000
LTE,2,BSD100,108082.png,OOD,6,0.08392013,0.08341842,1.00000000
LTE,2,BSD100,109053.png,ID,3,-0.00670901,-0.00615746,0.00000000
LTE,2,BSD100,109053.png,OOD,6,0.03055350,0.03480743,0.83333333
LTE,2,Set14,baboon.png,ID,3,-0.02976881,-0.03800326,0.00000000
LTE,2,Set14,baboon.png,OOD,6,0.00311374,0.00087838,0.50000000
LTE,2,Set14,barbara.png,ID,3,0.25852697,0.40948940,0.66666667
LTE,2,Set14,barbara.png,OOD,6,0.02937922,0.03220168,0.66666667
LTE,2,Set14,bridge.png,ID,3,-0.02239206,-0.02301725,0.00000000
LTE,2,Set14,bridge.png,OOD,6,0.01520533,0.02889200,0.66666667
LTE,2,Set14,coastguard.png,ID,3,-0.03948146,-0.01520224,0.33333333
LTE,2,Set14,coastguard.png,OOD,6,-0.00861692,-0.00865208,0.33333333
LTE,2,Set14,comic.png,ID,3,-0.04246493,-0.04206856,0.00000000
LTE,2,Set14,comic.png,OOD,6,0.01456289,0.01873742,0.50000000
LTE,2,Set14,face.png,ID,3,-0.01426784,-0.02522260,0.33333333
LTE,2,Set14,face.png,OOD,6,0.01548865,0.01838117,0.83333333
LTE,2,Set14,flowers.png,ID,3,-0.06821453,-0.03278776,0.00000000
LTE,2,Set14,flowers.png,OOD,6,0.03589295,0.03799847,0.83333333
LTE,2,Set14,foreman.png,ID,3,-0.08284331,-0.11865212,0.33333333
LTE,2,Set14,foreman.png,OOD,6,0.01091453,0.09684050,0.66666667
LTE,2,Set14,lenna.png,ID,3,-0.07094782,-0.06350731,0.00000000
LTE,2,Set14,lenna.png,OOD,6,-0.04964096,-0.07821529,0.33333333
LTE,2,Set14,man.png,ID,3,-0.02034180,-0.02013408,0.00000000
LTE,2,Set14,man.png,OOD,6,0.02458856,0.00831165,0.83333333
LTE,2,Set5,baby.png,ID,3,-0.02606852,-0.02620298,0.00000000
LTE,2,Set5,baby.png,OOD,6,0.05828876,0.06042371,0.83333333
LTE,2,Set5,bird.png,ID,3,-0.09871947,-0.09770094,0.00000000
LTE,2,Set5,bird.png,OOD,6,-0.01386182,-0.03081469,0.50000000
LTE,2,Set5,butterfly.png,ID,3,-0.08677968,-0.08803877,0.33333333
LTE,2,Set5,butterfly.png,OOD,6,-0.05619607,-0.02906350,0.16666667
LTE,2,Set5,head.png,ID,3,-0.02854671,-0.02839561,0.00000000
LTE,2,Set5,head.png,OOD,6,0.02218195,0.02961632,0.66666667
LTE,2,Set5,woman.png,ID,3,-0.10330466,-0.11436205,0.00000000
LTE,2,Set5,woman.png,OOD,6,-0.01485936,-0.04779053,0.33333333
LTE,2,Urban100,img_001.png,ID,3,-0.20531077,-0.19698473,0.00000000
LTE,2,Urban100,img_001.png,OOD,6,0.01730174,0.03625090,0.66666667
LTE,2,Urban100,img_002.png,ID,3,-0.16400817,-0.15171668,0.00000000
LTE,2,Urban100,img_002.png,OOD,6,0.13103807,0.10701963,1.00000000
LTE,2,Urban100,img_003.png,ID,3,-0.12197614,-0.12361909,0.00000000
LTE,2,Urban100,img_003.png,OOD,6,-0.01953691,-0.00622073,0.16666667
LTE,2,Urban100,img_004.png,ID,3,-1.08380574,-1.11482621,0.00000000
LTE,2,Urban100,img_004.png,OOD,6,-0.22854366,-0.00894835,0.50000000
LTE,2,Urban100,img_005.png,ID,3,-0.48437209,-0.42057463,0.00000000
LTE,2,Urban100,img_005.png,OOD,6,0.00323914,-0.03845246,0.33333333
LTE,2,Urban100,img_006.png,ID,3,-0.11786513,-0.11172349,0.00000000
LTE,2,Urban100,img_006.png,OOD,6,-0.00465105,-0.02186139,0.33333333
LTE,2,Urban100,img_007.png,ID,3,-0.11803838,-0.11690459,0.00000000
LTE,2,Urban100,img_007.png,OOD,6,-0.00470588,-0.03115984,0.33333333
LTE,2,Urban100,img_008.png,ID,3,-0.03916410,-0.01898693,0.33333333
LTE,2,Urban100,img_008.png,OOD,6,0.02123938,0.01762026,0.83333333
LTE,2,Urban100,img_009.png,ID,3,-0.10990767,-0.18507285,0.33333333
LTE,2,Urban100,img_009.png,OOD,6,-0.00101039,0.00058943,0.50000000
LTE,2,Urban100,img_010.png,ID,3,-0.55479339,-0.52651926,0.00000000
LTE,2,Urban100,img_010.png,OOD,6,-0.01136668,0.03357913,0.66666667
LTE,3,BSD100,101085.png,ID,3,-0.00550836,-0.00835293,0.33333333
LTE,3,BSD100,101085.png,OOD,6,0.07125932,0.02439834,0.66666667
LTE,3,BSD100,101087.png,ID,3,0.00634700,0.00924445,0.66666667
LTE,3,BSD100,101087.png,OOD,6,0.06070112,0.05209724,0.83333333
LTE,3,BSD100,102061.png,ID,3,-0.03267496,-0.04188830,0.00000000
LTE,3,BSD100,102061.png,OOD,6,-0.00478656,-0.00507332,0.50000000
LTE,3,BSD100,103070.png,ID,3,-0.01202175,-0.01879409,0.33333333
LTE,3,BSD100,103070.png,OOD,6,0.02601609,0.03290020,0.66666667
LTE,3,BSD100,105025.png,ID,3,-0.01171746,-0.01061346,0.33333333
LTE,3,BSD100,105025.png,OOD,6,0.04584287,0.04067789,0.83333333
LTE,3,BSD100,106024.png,ID,3,-0.03231989,-0.03566352,0.33333333
LTE,3,BSD100,106024.png,OOD,6,0.10793793,0.16357639,0.66666667
LTE,3,BSD100,108005.png,ID,3,-0.01941232,-0.02101437,0.00000000
LTE,3,BSD100,108005.png,OOD,6,0.01767765,0.01454186,0.50000000
LTE,3,BSD100,108070.png,ID,3,-0.00599946,-0.01285922,0.33333333
LTE,3,BSD100,108070.png,OOD,6,0.02799675,0.02700103,1.00000000
LTE,3,BSD100,108082.png,ID,3,0.01132177,0.01972504,0.66666667
LTE,3,BSD100,108082.png,OOD,6,0.06469311,0.04206724,1.00000000
LTE,3,BSD100,109053.png,ID,3,-0.00414216,-0.00533131,0.33333333
LTE,3,BSD100,109053.png,OOD,6,0.02105425,0.01918251,0.66666667
LTE,3,Set14,baboon.png,ID,3,0.00690803,0.00190871,0.66666667
LTE,3,Set14,baboon.png,OOD,6,0.01921884,0.01487475,1.00000000
LTE,3,Set14,barbara.png,ID,3,0.31303984,0.34588671,1.00000000
LTE,3,Set14,barbara.png,OOD,6,0.03206708,0.03090723,0.83333333
LTE,3,Set14,bridge.png,ID,3,-0.00570065,-0.00367495,0.33333333
LTE,3,Set14,bridge.png,OOD,6,-0.00001928,-0.00393272,0.50000000
LTE,3,Set14,coastguard.png,ID,3,-0.00659913,-0.00431146,0.33333333
LTE,3,Set14,coastguard.png,OOD,6,0.06889676,0.06094078,0.83333333
LTE,3,Set14,comic.png,ID,3,-0.01516750,0.00063565,0.66666667
LTE,3,Set14,comic.png,OOD,6,0.01354754,0.02035260,0.66666667
LTE,3,Set14,face.png,ID,3,0.02303838,0.02222979,0.66666667
LTE,3,Set14,face.png,OOD,6,0.03816645,0.01279029,0.50000000
LTE,3,Set14,flowers.png,ID,3,-0.00512117,-0.00589837,0.33333333
LTE,3,Set14,flowers.png,OOD,6,0.06111932,0.06631773,1.00000000
LTE,3,Set14,foreman.png,ID,3,0.00303000,0.04599392,0.66666667
LTE,3,Set14,foreman.png,OOD,6,0.13861606,0.17590039,0.83333333
LTE,3,Set14,lenna.png,ID,3,0.04765973,0.04811452,1.00000000
LTE,3,Set14,lenna.png,OOD,6,0.12177963,0.09240417,1.00000000
LTE,3,Set14,man.png,ID,3,-0.01023719,-0.00956560,0.33333333
LTE,3,Set14,man.png,OOD,6,0.03089111,0.01902798,0.83333333
LTE,3,Set5,baby.png,ID,3,0.00742294,0.00744778,0.66666667
LTE,3,Set5,baby.png,OOD,6,0.11244379,0.07723891,0.83333333
LTE,3,Set5,bird.png,ID,3,0.05306220,0.07535447,0.66666667
LTE,3,Set5,bird.png,OOD,6,0.11520749,0.12576722,0.83333333
LTE,3,Set5,butterfly.png,ID,3,-0.00926633,0.01244840,0.66666667
LTE,3,Set5,butterfly.png,OOD,6,0.07656160,0.07798316,0.83333333
LTE,3,Set5,head.png,ID,3,0.03439437,0.04042603,0.66666667
LTE,3,Set5,head.png,OOD,6,0.04869982,0.02452911,0.83333333
LTE,3,Set5,woman.png,ID,3,0.10597668,0.12710275,1.00000000
LTE,3,Set5,woman.png,OOD,6,0.14178246,0.09915511,0.66666667
LTE,3,Urban100,img_001.png,ID,3,-0.00792511,-0.02011428,0.33333333
LTE,3,Urban100,img_001.png,OOD,6,0.03846349,0.03733198,1.00000000
LTE,3,Urban100,img_002.png,ID,3,-0.05090890,-0.05855318,0.00000000
LTE,3,Urban100,img_002.png,OOD,6,0.03949323,0.04506740,0.83333333
LTE,3,Urban100,img_003.png,ID,3,-0.01035735,-0.01054862,0.00000000
LTE,3,Urban100,img_003.png,OOD,6,0.01920422,0.02350184,1.00000000
LTE,3,Urban100,img_004.png,ID,3,0.16995207,0.11873928,0.66666667
LTE,3,Urban100,img_004.png,OOD,6,0.06335805,0.05014881,0.83333333
LTE,3,Urban100,img_005.png,ID,3,0.07157214,0.09192924,0.66666667
LTE,3,Urban100,img_005.png,OOD,6,0.07176387,0.10432535,0.66666667
LTE,3,Urban100,img_006.png,ID,3,0.08692495,0.00906326,1.00000000
LTE,3,Urban100,img_006.png,OOD,6,0.04912701,0.03362916,1.00000000
LTE,3,Urban100,img_007.png,ID,3,-0.04050114,-0.05023290,0.00000000
LTE,3,Urban100,img_007.png,OOD,6,0.06883082,0.04736180,1.00000000
LTE,3,Urban100,img_008.png,ID,3,0.04500566,0.06148996,1.00000000
LTE,3,Urban100,img_008.png,OOD,6,0.05155103,0.04800613,1.00000000
LTE,3,Urban100,img_009.png,ID,3,-0.18108381,-0.17963204,0.00000000
LTE,3,Urban100,img_009.png,OOD,6,0.05057789,0.05284096,1.00000000
LTE,3,Urban100,img_010.png,ID,3,-0.30206450,-0.30637931,0.00000000
LTE,3,Urban100,img_010.png,OOD,6,0.08494919,0.10135611,0.83333333
