baseline,dataset,scale,split,n,mean_delta,median_delta,std_delta,sem_delta,q05_delta,q25_delta,q75_delta,q95_delta,win_rate
LIIF,BSD100,x12,OOD,30,0.03255871,0.02016643,0.05655007,0.01032458,-0.02750938,0.00848232,0.04349398,0.14640179,0.80000000
LIIF,BSD100,x16,OOD,30,0.03223532,0.02684793,0.05430295,0.00991432,-0.05046069,-0.00724838,0.06412180,0.13512254,0.70000000
LIIF,BSD100,x2,ID,30,0.01471381,0.00763886,0.04898434,0.00894328,-0.05053809,-0.00695286,0.03936748,0.07419035,0.56666667
LIIF,BSD100,x24,OOD,30,0.01449392,0.01509084,0.06785192,0.01238801,-0.07629946,-0.02091443,0.05118239,0.09854097,0.63333333
LIIF,BSD100,x3,ID,30,0.00495001,-0.00159972,0.03476342,0.00634690,-0.03687205,-0.01373719,0.02588775,0.06529975,0.46666667
LIIF,BSD100,x30,OOD,30,0.03147454,0.04598783,0.10297189,0.01880001,-0.12253503,-0.01990850,0.09620107,0.19496960,0.60000000
LIIF,BSD100,x4,ID,30,0.00601954,0.00054764,0.03070214,0.00560542,-0.03256942,-0.01364400,0.01735222,0.06671614,0.50000000
LIIF,BSD100,x6,OOD,30,-0.00728595,0.00073008,0.06248346,0.01140787,-0.13290330,-0.01209514,0.02368137,0.05694015,0.56666667
LIIF,BSD100,x8,OOD,30,0.01106556,0.00297445,0.03392201,0.00619328,-0.03530750,-0.00947557,0.03206660,0.07608086,0.66666667
LIIF,Set14,x12,OOD,30,0.02987924,0.01323665,0.07175804,0.01310117,-0.04193176,-0.01799936,0.04248623,0.14861894,0.63333333
LIIF,Set14,x16,OOD,30,0.04995393,0.01391574,0.09186978,0.01677305,-0.03913754,-0.00515033,0.07588552,0.24888907,0.66666667
LIIF,Set14,x2,ID,30,0.05377967,0.02028370,0.12716066,0.02321625,-0.06301349,0.00591704,0.06154987,0.33915976,0.76666667
LIIF,Set14,x24,OOD,30,0.00095987,0.00682813,0.09634433,0.01758999,-0.14935217,-0.03150587,0.03631029,0.13216870,0.60000000
LIIF,Set14,x3,ID,30,0.02228729,0.00103987,0.06598935,0.01204795,-0.06853058,-0.01440054,0.05791967,0.11880490,0.50000000
LIIF,Set14,x30,OOD,30,0.02192218,0.02295857,0.08998168,0.01642833,-0.12102115,-0.02871601,0.08515548,0.13483733,0.66666667
LIIF,Set14,x4,ID,30,0.03653424,0.01872703,0.08774561,0.01602008,-0.03675593,-0.01050645,0.03828332,0.16806031,0.63333333
LIIF,Set14,x6,OOD,30,0.00928597,0.01562260,0.04449420,0.00812349,-0.06118438,-0.01497546,0.02795393,0.07565978,0.60000000
LIIF,Set14,x8,OOD,30,0.00187327,0.01156150,0.05041572,0.00920461,-0.08865084,-0.01189650,0.03246496,0.06563796,0.63333333
LIIF,Set5,x12,OOD,15,0.07209805,0.04737464,0.08100940,0.02091654,-0.03380657,0.03656911,0.14729865,0.17783899,0.93333333
LIIF,Set5,x16,OOD,15,0.05161807,0.04222253,0.10663680,0.02753350,-0.08525112,-0.00433955,0.08898003,0.24544786,0.73333333
LIIF,Set5,x2,ID,15,0.04009495,0.01855438,0.10297708,0.02658857,-0.09030219,-0.00894293,0.11041263,0.19845817,0.73333333
LIIF,Set5,x24,OOD,15,-0.00645693,0.05741683,0.14215584,0.03670448,-0.22952822,-0.11683112,0.09785837,0.16129436,0.53333333
LIIF,Set5,x3,ID,15,0.07583099,0.02317903,0.11719879,0.03026060,-0.03698075,-0.00469348,0.14343458,0.28401786,0.66666667
LIIF,Set5,x30,OOD,15,0.04977688,0.03557142,0.16039411,0.04141358,-0.21727196,-0.02878631,0.17649265,0.24585841,0.60000000
LIIF,Set5,x4,ID,15,0.06416381,0.03669413,0.10589392,0.02734169,-0.06138196,0.00522338,0.10267059,0.28029991,0.73333333
LIIF,Set5,x6,OOD,15,0.03601618,0.02170196,0.10996861,0.02839377,-0.14227092,-0.00308302,0.09278074,0.19171668,0.73333333
LIIF,Set5,x8,OOD,15,0.06290102,0.04540026,0.07134124,0.01842023,-0.03060408,0.01305376,0.10845041,0.17806179,0.86666667
LIIF,Urban100,x12,OOD,30,0.05037613,0.03231565,0.07792675,0.01422741,-0.04822390,0.01457100,0.07671970,0.19150081,0.80000000
LIIF,Urban100,x16,OOD,30,0.06094604,0.04144874,0.09907604,0.01808873,-0.04675670,-0.00423487,0.09328034,0.18899108,0.73333333
LIIF,Urban100,x2,ID,30,0.08448827,0.07805985,0.26974784,0.04924899,-0.30890950,-0.00445686,0.16845818,0.48193149,0.73333333
LIIF,Urban100,x24,OOD,30,0.03465040,0.02277957,0.06642385,0.01212728,-0.06003878,0.00444026,0.06267394,0.15873720,0.76666667
LIIF,Urban100,x3,ID,30,0.06862633,0.04640765,0.24960780,0.04557194,-0.26049097,-0.01947053,0.12422830,0.51190463,0.70000000
LIIF,Urban100,x30,OOD,30,0.04578087,0.02979241,0.06879010,0.01255930,-0.06218750,0.00458091,0.08135160,0.16809320,0.80000000
LIIF,Urban100,x4,ID,30,0.05633798,0.05012068,0.17913803,0.03270598,-0.16482458,-0.01509666,0.13806113,0.29653636,0.73333333
LIIF,Urban100,x6,OOD,30,0.03092581,0.04350311,0.12456525,0.02274240,-0.07816932,-0.00235712,0.06702624,0.16918610,0.73333333
LIIF,Urban100,x8,OOD,30,0.02744751,0.03735234,0.12430849,0.02269552,-0.12520611,-0.01795336,0.09225689,0.17755759,0.66666667
LTE,BSD100,x12,OOD,30,0.03247042,0.02284169,0.05366378,0.00979762,-0.06373687,0.01153784,0.05675451,0.11016318,0.86666667
LTE,BSD100,x16,OOD,30,0.04860280,0.03112293,0.05693374,0.01039463,-0.02564175,0.00926738,0.09196742,0.14622010,0.80000000
LTE,BSD100,x2,ID,30,-0.01113766,-0.01162227,0.03062903,0.00559207,-0.05198832,-0.03070828,0.00744402,0.02247174,0.36666667
LTE,BSD100,x24,OOD,30,0.06134794,0.03614945,0.08940865,0.01632371,-0.05420763,0.00312786,0.10091053,0.23812939,0.73333333
LTE,BSD100,x3,ID,30,-0.01193921,-0.01037885,0.03847226,0.00702404,-0.06157458,-0.02181097,0.00230496,0.05698272,0.30000000
LTE,BSD100,x30,OOD,30,0.07850526,0.05719464,0.09214723,0.01682371,-0.03632096,0.02331963,0.11464705,0.25033443,0.86666667
LTE,BSD100,x4,ID,30,-0.00593382,-0.00589272,0.02791896,0.00509728,-0.04691240,-0.01959010,0.01037130,0.04057527,0.40000000
LTE,BSD100,x6,OOD,30,0.00572462,0.00299724,0.06670530,0.01217867,-0.12460403,-0.01122588,0.02240110,0.13052161,0.56666667
LTE,BSD100,x8,OOD,30,0.00555478,0.01042151,0.03983879,0.00727354,-0.02748064,-0.02075127,0.03121999,0.04938119,0.60000000
LTE,Set14,x12,OOD,30,0.04367062,0.02980509,0.08199452,0.01497008,-0.06025507,0.01567473,0.07921405,0.11600342,0.80000000
LTE,Set14,x16,OOD,30,0.06495949,0.04492192,0.10288113,0.01878344,-0.04197376,0.01292309,0.09743143,0.24222106,0.86666667
LTE,Set14,x2,ID,30,-0.00025896,-0.00510491,0.12195940,0.02226664,-0.15382837,-0.03480809,0.01549006,0.21831612,0.40000000
LTE,Set14,x24,OOD,30,0.07715466,0.05356116,0.09911812,0.01809641,-0.01000922,0.01381130,0.09542639,0.28706013,0.90000000
LTE,Set14,x3,ID,30,0.02361750,-0.00027331,0.11389952,0.02079511,-0.09924927,-0.02829040,0.04435507,0.20198929,0.50000000
LTE,Set14,x30,OOD,30,0.05387320,0.04743662,0.06926876,0.01264669,-0.06671376,0.02847367,0.09346793,0.15772116,0.86666667
LTE,Set14,x4,ID,30,0.01759797,-0.00413188,0.10731516,0.01959298,-0.10482459,-0.02407147,0.03986805,0.24977608,0.46666667
LTE,Set14,x6,OOD,30,-0.00169179,-0.00380124,0.06030459,0.01101006,-0.10466380,-0.02189905,0.01560669,0.10799214,0.43333333
LTE,Set14,x8,OOD,30,-0.01008586,0.01541162,0.08442059,0.01541302,-0.14010364,-0.02524366,0.02699943,0.06750276,0.63333333
LTE,Set5,x12,OOD,15,0.08382518,0.05969908,0.12288035,0.03172757,-0.06125599,0.00306578,0.18023765,0.26250361,0.80000000
LTE,Set5,x16,OOD,15,0.12776845,0.10006395,0.12095074,0.03122935,-0.03784701,0.07397717,0.19522147,0.34129562,0.86666667
LTE,Set5,x2,ID,15,0.00232002,-0.00791345,0.12150762,0.03137313,-0.14265401,-0.03400760,0.02578442,0.16887050,0.40000000
LTE,Set5,x24,OOD,15,0.07313950,0.03365466,0.12446250,0.03213608,-0.07425547,-0.01076285,0.16268234,0.28857294,0.66666667
LTE,Set5,x3,ID,15,0.04330624,0.00744778,0.15519858,0.04007210,-0.13502045,-0.02829011,0.08377965,0.35647711,0.53333333
LTE,Set5,x30,OOD,15,0.10864328,0.12332773,0.15630303,0.04035727,-0.10921707,-0.01600163,0.24257071,0.32294976,0.66666667
LTE,Set5,x4,ID,15,0.02624236,0.02529419,0.09317344,0.02405728,-0.07840105,-0.03208502,0.05962107,0.17349332,0.53333333
LTE,Set5,x6,OOD,15,-0.02343287,-0.01067522,0.14892589,0.03845250,-0.21290832,-0.04884740,0.01539219,0.13021754,0.40000000
LTE,Set5,x8,OOD,15,0.07022406,0.05109016,0.09975085,0.02575556,-0.04252497,0.00815160,0.12342894,0.24360647,0.80000000
LTE,Urban100,x12,OOD,30,0.06733833,0.04948213,0.07420005,0.01354701,-0.03483872,0.02312354,0.09852573,0.18267157,0.86666667
LTE,Urban100,x16,OOD,30,0.09759756,0.07208376,0.09853883,0.01799065,-0.01597979,0.01532287,0.16594314,0.26769601,0.80000000
LTE,Urban100,x2,ID,30,-0.09499782,-0.05299128,0.30487990,0.05566320,-0.68796506,-0.15900697,0.07745989,0.28228018,0.40000000
LTE,Urban100,x24,OOD,30,0.05208837,0.03845206,0.05471291,0.00998916,-0.02061214,0.01504616,0.09109055,0.15031497,0.90000000
LTE,Urban100,x3,ID,30,-0.08292092,-0.02920972,0.27971298,0.05106837,-0.47884418,-0.17575528,0.06762273,0.18082516,0.43333333
LTE,Urban100,x30,OOD,30,0.04703658,0.04320004,0.05941250,0.01084719,-0.03378720,0.00411755,0.07710983,0.12742123,0.80000000
LTE,Urban100,x4,ID,30,-0.07424181,-0.01031887,0.21303180,0.03889411,-0.40250217,-0.11268767,0.05497679,0.08269398,0.43333333
LTE,Urban100,x6,OOD,30,-0.02809220,0.00975538,0.16900747,0.03085640,-0.26699077,-0.03305613,0.03895108,0.09298345,0.66666667
LTE,Urban100,x8,OOD,30,-0.00480078,0.02578938,0.16819543,0.03070814,-0.07405264,-0.04555639,0.05513739,0.14806926,0.60000000
