model,dataset,image,source_scale,observation_scale,consistency_psnr_y,consistency_rmse_y,edge_consistency_rmse,texture_consistency_rmse,flat_consistency_rmse
LIIF,bsd100,101085.png,x8,x4,48.187335498803876,0.0038961280779212393,0.007723942399024963,0.007477112114429474,0.0008806641562841833
LIIF-EQ,bsd100,101085.png,x8,x4,46.169457251368016,0.004915040914850476,0.009749277494847775,0.009584136307239532,0.000928883149754256
LTE,bsd100,101085.png,x8,x4,45.16018270702346,0.005520658264962322,0.009545614942908287,0.009660813957452774,0.0017933901399374008
LTE-EQ,bsd100,101085.png,x8,x4,46.95868370694328,0.004488133996851402,0.008129364810883999,0.008393751457333565,0.0010256282985210419
LTE-NoCell,bsd100,101085.png,x8,x4,62.26311752620464,0.0007706268272210164,0.001411831472069025,0.0014701718464493752,0.00015884429740253836
LTE-FeaturePhase,bsd100,101085.png,x8,x4,62.20151464993209,0.0007761117660561964,0.001442419015802443,0.001500815968029201,0.0001546536950627342
SC-INR-Fixed,bsd100,101085.png,x8,x4,49.711304331645096,0.0032691495139886948,0.006279470399022102,0.006332891993224621,0.0007094761822372675
SC-INR-Adaptive,bsd100,101085.png,x8,x4,50.46428991803437,0.0029976816131541207,0.005770375020802021,0.006033377721905708,0.0005212184623815119
LIIF,bsd100,101085.png,x16,x4,44.26524368141281,0.006119808266643404,0.011706682853400707,0.010729395784437656,0.0019703926518559456
LIIF-EQ,bsd100,101085.png,x16,x4,43.14309588076743,0.006963782622430783,0.0130697600543499,0.011845091357827187,0.0018583801575005054
LTE,bsd100,101085.png,x16,x4,38.588967239468474,0.011763908503594236,0.0173606239259243,0.01608346961438656,0.006726154591888189
LTE-EQ,bsd100,101085.png,x16,x4,39.912443468938044,0.01010131295713989,0.015965893864631653,0.014863618649542332,0.003783291205763817
LTE-NoCell,bsd100,101085.png,x16,x4,70.87227742071227,0.00028601323420426227,0.0005342655931599438,0.0005210530944168568,5.5823071306804195e-05
LTE-FeaturePhase,bsd100,101085.png,x16,x4,72.13182292010107,0.0002474052173970036,0.00046242724056355655,0.00045036920346319675,5.642699034069665e-05
SC-INR-Fixed,bsd100,101085.png,x16,x4,46.29647323608127,0.004843689977991167,0.00839413981884718,0.008220406249165535,0.0017291638068854809
SC-INR-Adaptive,bsd100,101085.png,x16,x4,47.60128170323632,0.004168078741211677,0.007571239490061998,0.0077370754443109035,0.0009686015546321869
LIIF,bsd100,101085.png,x30,x4,41.875326612574035,0.008058118865196097,0.013401885516941547,0.012770324945449829,0.00471101189032197
LIIF-EQ,bsd100,101085.png,x30,x4,40.80571951315673,0.009114104931415772,0.01547922007739544,0.014800171367824078,0.0032240331638604403
LTE,bsd100,101085.png,x30,x4,36.45711420315256,0.01503641452405862,0.019894970580935478,0.01898590661585331,0.01229587197303772
LTE-EQ,bsd100,101085.png,x30,x4,37.89814947879117,0.012737744286410838,0.019015679135918617,0.018036285415291786,0.007011728826910257
LTE-NoCell,bsd100,101085.png,x30,x4,66.62344646738721,0.0004664742516330463,0.0008460045210085809,0.0008092538337223232,0.00013518144260160625
LTE-FeaturePhase,bsd100,101085.png,x30,x4,66.02798310109264,0.0004995751701277907,0.0009378093527629972,0.0008743900107219815,0.00013238766405265778
SC-INR-Fixed,bsd100,101085.png,x30,x4,45.96663681093753,0.005031160353989147,0.0074228751473128796,0.007239230442792177,0.003533803392201662
SC-INR-Adaptive,bsd100,101085.png,x30,x4,46.94358525896668,0.0044959423838646425,0.007445983123034239,0.007503900211304426,0.002301593776792288
LIIF,bsd100,101087.png,x8,x4,50.335978475129394,0.0030422932667072797,0.0063520255498588085,0.006341396830976009,0.00014618277782574296
LIIF-EQ,bsd100,101087.png,x8,x4,47.219982121469485,0.0043551277011882545,0.009093153290450573,0.009155676700174809,0.00026470539160072803
LTE,bsd100,101087.png,x8,x4,48.02980140746758,0.003967435998983364,0.007897797971963882,0.0079423813149333,0.0001601588592166081
LTE-EQ,bsd100,101087.png,x8,x4,48.88423878149898,0.003595738175209405,0.007208019960671663,0.007265935651957989,0.0002853752812370658
LTE-NoCell,bsd100,101087.png,x8,x4,61.668713291159456,0.0008252097212019148,0.0017107471358031034,0.0017253353726118803,2.0973420760128647e-05
LTE-FeaturePhase,bsd100,101087.png,x8,x4,61.84128664014466,0.0008089760567432159,0.0016643820563331246,0.0016807368956506252,2.4567691070842557e-05
SC-INR-Fixed,bsd100,101087.png,x8,x4,50.90977991569766,0.0028478099574717787,0.005966183729469776,0.006038133520632982,5.6746725022094324e-05
SC-INR-Adaptive,bsd100,101087.png,x8,x4,51.132381784852384,0.002775753593698765,0.005793813616037369,0.00598819088190794,5.046457954449579e-05
LIIF,bsd100,101087.png,x16,x4,46.688874533238014,0.00462973649308057,0.009272146038711071,0.008239117451012135,0.0006798107642680407
LIIF-EQ,bsd100,101087.png,x16,x4,43.02740415998321,0.007057157207103796,0.014045675285160542,0.012070003896951675,0.0008105190354399383
LTE,bsd100,101087.png,x16,x4,41.91945955348654,0.00801727946314094,0.01481644157320261,0.013807314448058605,0.0013479214394465089
LTE-EQ,bsd100,101087.png,x16,x4,41.54623514326453,0.00836928279651904,0.01653117500245571,0.014566524885594845,0.0009750953176990151
LTE-NoCell,bsd100,101087.png,x16,x4,70.28407502793043,0.00030605272353815643,0.0006191537831909955,0.0005485806614160538,4.6947116061346605e-05
LTE-FeaturePhase,bsd100,101087.png,x16,x4,70.41787947174703,0.000301374169371903,0.0006254178588278592,0.0005558536504395306,4.54811415693257e-05
SC-INR-Fixed,bsd100,101087.png,x16,x4,47.521293046697394,0.004206640005237843,0.008649390190839767,0.007995105348527431,0.0002737271133810282
SC-INR-Adaptive,bsd100,101087.png,x16,x4,47.70356664913997,0.0041192833602060235,0.00843336246907711,0.007785332854837179,0.0003130123077426106
LIIF,bsd100,101087.png,x30,x4,44.35038760514971,0.00606011156862449,0.0110484529286623,0.010411785915493965,0.0016200914978981018
LIIF-EQ,bsd100,101087.png,x30,x4,38.37677844629339,0.012054829651642788,0.023612914606928825,0.021553296595811844,0.0019211386097595096
LTE,bsd100,101087.png,x30,x4,37.912937473072546,0.012716076335368611,0.020694784820079803,0.02090460993349552,0.0042755682952702045
LTE-EQ,bsd100,101087.png,x30,x4,37.876668590229905,0.012769284715260764,0.022378956899046898,0.019732767716050148,0.002860191510990262
LTE-NoCell,bsd100,101087.png,x30,x4,65.86357538038835,0.0005091212578875246,0.0010520771611481905,0.0009342901757918298,7.631364860571921e-05
LTE-FeaturePhase,bsd100,101087.png,x30,x4,66.21439905633315,0.0004889675598653771,0.001003312529064715,0.0008956184610724449,7.270107016665861e-05
SC-INR-Fixed,bsd100,101087.png,x30,x4,46.63487670747716,0.004658607962273551,0.008782347664237022,0.008761563338339329,0.0010241594864055514
SC-INR-Adaptive,bsd100,101087.png,x30,x4,46.355116303358756,0.004811097794474133,0.00912511721253395,0.008969335816800594,0.0008696653530932963
LIIF,bsd100,102061.png,x8,x4,50.07250169469478,0.0031359917772237583,0.006404520012438297,0.006279996130615473,0.0004236921959090978
LIIF-EQ,bsd100,102061.png,x8,x4,48.1021041728073,0.003934547487701262,0.00801555160433054,0.008012012578547001,0.00039844244020059705
LTE,bsd100,102061.png,x8,x4,47.320927453607794,0.004304806425876894,0.008547046221792698,0.008516197092831135,0.0004943407257087529
LTE-EQ,bsd100,102061.png,x8,x4,49.73941263384137,0.0032585873581140214,0.0061928280629217625,0.006206942722201347,0.0005688678356818855
LTE-NoCell,bsd100,102061.png,x8,x4,63.7685103408986,0.0006479992197712168,0.0012514094123616815,0.0012958364095538855,0.0002297031896887347
LTE-FeaturePhase,bsd100,102061.png,x8,x4,63.79219552485851,0.000646234625182321,0.0012492298847064376,0.001284405356273055,0.00024361355463042855
SC-INR-Fixed,bsd100,102061.png,x8,x4,51.67358528979693,0.0026080789595051973,0.005283832550048828,0.005153807811439037,0.0002759043709374964
SC-INR-Adaptive,bsd100,102061.png,x8,x4,51.96105260914743,0.002523174980199986,0.005142619367688894,0.00520679634064436,0.00028914460563100874
LIIF,bsd100,102061.png,x16,x4,48.66339101969857,0.0036883357577579593,0.006964456290006638,0.006429032422602177,0.0008200426818802953
LIIF-EQ,bsd100,102061.png,x16,x4,47.46630440154513,0.004233355886307102,0.008205070160329342,0.00773866381496191,0.0009492640383541584
LTE,bsd100,102061.png,x16,x4,44.71345438737664,0.005812022416008738,0.010784948244690895,0.01039267797023058,0.0009712161845527589
LTE-EQ,bsd100,102061.png,x16,x4,46.41935815479521,0.004775645620635909,0.00915098562836647,0.00892246887087822,0.000825373746920377
LTE-NoCell,bsd100,102061.png,x16,x4,75.26416267340377,0.00017250109901306547,0.00032005406683310866,0.0003154041769448668,9.091822721529752e-05
LTE-FeaturePhase,bsd100,102061.png,x16,x4,75.83771512306629,0.00016147832796794585,0.0002837651700247079,0.00028611859306693077,0.00011074389476561919
SC-INR-Fixed,bsd100,102061.png,x16,x4,53.17951129968894,0.002192928314145944,0.004143344704061747,0.003865840844810009,0.00030229048570618033
SC-INR-Adaptive,bsd100,102061.png,x16,x4,54.1982828604084,0.0019502301084939944,0.003756303805857897,0.0037699886597692966,0.00024667842080816627
LIIF,bsd100,102061.png,x30,x4,46.08322724873233,0.004964078464782941,0.008966399356722832,0.0071441251784563065,0.0017415066249668598
LIIF-EQ,bsd100,102061.png,x30,x4,44.298350178263384,0.006096526853489398,0.009963162243366241,0.008313602767884731,0.0016100469511002302
LTE,bsd100,102061.png,x30,x4,40.391590671120824,0.009559176191376821,0.013923238962888718,0.013964274898171425,0.003960700239986181
LTE-EQ,bsd100,102061.png,x30,x4,40.64107073674805,0.00928851877249718,0.015372985042631626,0.013201732188463211,0.002539012348279357
LTE-NoCell,bsd100,102061.png,x30,x4,70.50262349280031,0.00029844810478134396,0.0005709774559363723,0.0004047863476444036,7.651346095371991e-05
LTE-FeaturePhase,bsd100,102061.png,x30,x4,70.59441333879036,0.0002953108020017948,0.0005679167807102203,0.00040532907587476075,7.58286114432849e-05
SC-INR-Fixed,bsd100,102061.png,x30,x4,51.536528797519246,0.0026495587886594322,0.004220219794660807,0.003267663763836026,0.0007667198078706861
SC-INR-Adaptive,bsd100,102061.png,x30,x4,52.24063906887512,0.002443250782625921,0.004021307919174433,0.0032763476483523846,0.0006173457950353622
LIIF,bsd100,103070.png,x8,x4,53.82474959788978,0.0020359284916054363,0.003865882521495223,0.0038410231936722994,0.0007445894298143685
LIIF-EQ,bsd100,103070.png,x8,x4,52.17904046914195,0.0024606394161485043,0.0047695692628622055,0.004749374929815531,0.000719068048056215
LTE,bsd100,103070.png,x8,x4,52.58895542042524,0.0023472115252862985,0.003914764150977135,0.004054705612361431,0.0008769282721914351
LTE-EQ,bsd100,103070.png,x8,x4,53.66161377456131,0.0020745280495578808,0.0035215436946600676,0.0036076256074011326,0.0008361668442375958
LTE-NoCell,bsd100,103070.png,x8,x4,66.44353525957153,0.00047623711322924864,0.0008676073630340397,0.000902291270904243,0.00014282873598858714
LTE-FeaturePhase,bsd100,103070.png,x8,x4,66.3996074903633,0.00047865172179023893,0.0008739496115595102,0.0009095006389543414,0.00015495425031986088
SC-INR-Fixed,bsd100,103070.png,x8,x4,56.088221639126516,0.0015688770788293517,0.002879394218325615,0.002892059041187167,0.000528552511241287
SC-INR-Adaptive,bsd100,103070.png,x8,x4,56.755020457489216,0.0014529443388078846,0.002823067596182227,0.00297321449033916,0.00028873729752376676
LIIF,bsd100,103070.png,x16,x4,49.94796603474313,0.003181278557626684,0.005522924941033125,0.005089352838695049,0.0015501307789236307
LIIF-EQ,bsd100,103070.png,x16,x4,47.99122605940171,0.003985095166107063,0.006889550480991602,0.006144742015749216,0.0018969048978760839
LTE,bsd100,103070.png,x16,x4,46.45546848023783,0.004755832780177643,0.006946489680558443,0.006283681374043226,0.002819380722939968
LTE-EQ,bsd100,103070.png,x16,x4,47.27210304160848,0.00432907238848948,0.006973304785788059,0.006716643460094929,0.0018626621458679438
LTE-NoCell,bsd100,103070.png,x16,x4,76.10548438154852,0.0001565762115742962,0.0002742404176387936,0.00026023530517704785,5.4343956435332075e-05
LTE-FeaturePhase,bsd100,103070.png,x16,x4,76.99916000300112,0.00014126741552318055,0.0002554992097429931,0.00023858908389229327,4.956778502673842e-05
SC-INR-Fixed,bsd100,103070.png,x16,x4,53.55864231215217,0.002099267993698807,0.003431842662394047,0.0032699040602892637,0.001179904444143176
SC-INR-Adaptive,bsd100,103070.png,x16,x4,55.51503056774793,0.0016759014303028082,0.0029830101411789656,0.002998732030391693,0.0005678965826518834
LIIF,bsd100,103070.png,x30,x4,46.7382850978715,0.004603474534949976,0.007608877029269934,0.007377284578979015,0.0026823647785931826
LIIF-EQ,bsd100,103070.png,x30,x4,47.390654356950705,0.004270387469967058,0.007595163770020008,0.007160347420722246,0.001641708193346858
LTE,bsd100,103070.png,x30,x4,43.20784819675336,0.006912061444985682,0.009514573961496353,0.008932296186685562,0.00546866562217474
LTE-EQ,bsd100,103070.png,x30,x4,45.20658365549303,0.005491244954410958,0.009429948404431343,0.009491446428000927,0.0025530047714710236
LTE-NoCell,bsd100,103070.png,x30,x4,70.00580800246192,0.00031601638436233115,0.0005709304241463542,0.0005024963757023215,0.00011475297651486471
LTE-FeaturePhase,bsd100,103070.png,x30,x4,70.35529661118281,0.0003035534474016017,0.0005327890976332128,0.00047209227341227233,0.00011543141590664163
SC-INR-Fixed,bsd100,103070.png,x30,x4,51.72161087956039,0.0025936982918773705,0.0034639742225408554,0.003535657422617078,0.0018552338005974889
SC-INR-Adaptive,bsd100,103070.png,x30,x4,53.9904466580157,0.001997458049708532,0.003396698273718357,0.0036042598076164722,0.000918086152523756
LIIF,bsd100,105025.png,x8,x4,51.38409742001956,0.0026964671200837747,0.004926465451717377,0.004673896823078394,0.0007040001801215112
LIIF-EQ,bsd100,105025.png,x8,x4,51.5475859685747,0.002646188036034239,0.004886694718152285,0.004674539901316166,0.0007874668808653951
LTE,bsd100,105025.png,x8,x4,52.94019794873053,0.0022541878393254255,0.003811167785897851,0.00392994424328208,0.0005135879619047046
LTE-EQ,bsd100,105025.png,x8,x4,53.558237207812674,0.0020993659044991216,0.0034190232399851084,0.0035998905077576637,0.0005248926463536918
LTE-NoCell,bsd100,105025.png,x8,x4,65.62587297829344,0.0005232465229688391,0.0009175797458738089,0.0009446064941585064,9.661741933086887e-05
LTE-FeaturePhase,bsd100,105025.png,x8,x4,65.32824326340594,0.0005414867534653238,0.0009443787857890129,0.0009704125695861876,0.00010609894525259733
SC-INR-Fixed,bsd100,105025.png,x8,x4,55.7069466558883,0.0016392782142227024,0.003057424444705248,0.0030010149348527193,0.00031386257614940405
SC-INR-Adaptive,bsd100,105025.png,x8,x4,56.800636002799855,0.0014453339358662012,0.0028250673785805702,0.002804126823320985,0.00022861306206323206
LIIF,bsd100,105025.png,x16,x4,45.564414435282615,0.005269619751307055,0.009264444932341576,0.007586147636175156,0.001914839493110776
LIIF-EQ,bsd100,105025.png,x16,x4,44.74845689189906,0.00578864818535394,0.010106272995471954,0.008368276059627533,0.0020552542991936207
LTE,bsd100,105025.png,x16,x4,43.412376727782046,0.006751202949457405,0.010624829679727554,0.008863827213644981,0.0022092624567449093
LTE-EQ,bsd100,105025.png,x16,x4,44.98043864298115,0.005636091924826165,0.00936677772551775,0.008274594321846962,0.0017470904858782887
LTE-NoCell,bsd100,105025.png,x16,x4,73.11227752269372,0.00022099687055532875,0.0004057219484820962,0.0003642291121650487,4.7771460231160745e-05
LTE-FeaturePhase,bsd100,105025.png,x16,x4,73.29010978746186,0.00021651825117722316,0.00040814277599565685,0.0003749714232981205,4.687897671828978e-05
SC-INR-Fixed,bsd100,105025.png,x16,x4,50.160048844363054,0.003104542129950138,0.00570127135142684,0.004781001713126898,0.0008206424536183476
SC-INR-Adaptive,bsd100,105025.png,x16,x4,51.0506585562592,0.0028019931690370535,0.005074439570307732,0.004517629276961088,0.0005883959820494056
LIIF,bsd100,105025.png,x30,x4,44.41508715781532,0.006015138646593922,0.009817160665988922,0.0058995625004172325,0.003674638457596302
LIIF-EQ,bsd100,105025.png,x30,x4,43.44988902775285,0.006722108973253723,0.011129637248814106,0.006762961857020855,0.0035407310351729393
LTE,bsd100,105025.png,x30,x4,41.51802735442076,0.008396506572688723,0.011683831922709942,0.00659056706354022,0.005772043485194445
LTE-EQ,bsd100,105025.png,x30,x4,42.39751056539007,0.007587950196425093,0.01150426734238863,0.006987585220485926,0.0038277653511613607
LTE-NoCell,bsd100,105025.png,x30,x4,68.10669801873176,0.00039324671105831144,0.0006879406864754856,0.0003072304534725845,0.00014335522428154945
LTE-FeaturePhase,bsd100,105025.png,x30,x4,68.23864991035859,0.00038731784291998547,0.0006686596316285431,0.000306545989587903,0.0001483470987295732
SC-INR-Fixed,bsd100,105025.png,x30,x4,50.73266584923949,0.0029064757750266175,0.004558722022920847,0.0025698209647089243,0.001344444346614182
SC-INR-Adaptive,bsd100,105025.png,x30,x4,51.5609252813084,0.0026421272845757885,0.004767247475683689,0.002072805305942893,0.0010694199008867145
LIIF,bsd100,106024.png,x8,x4,53.82334425857486,0.0020362579226649805,0.00421872129663825,0.004308613948523998,0.0004332352546043694
LIIF-EQ,bsd100,106024.png,x8,x4,51.913688573448,0.002536971400020226,0.005265682470053434,0.005408005323261023,0.0006721431855112314
LTE,bsd100,106024.png,x8,x4,52.37236124730003,0.0024064782322819967,0.004846297204494476,0.005080774892121553,0.0005147658521309495
LTE-EQ,bsd100,106024.png,x8,x4,54.793478162054285,0.001821067701986076,0.0035552300978451967,0.003783364314585924,0.00046728039160370827
LTE-NoCell,bsd100,106024.png,x8,x4,67.43795676086232,0.0004247194617577512,0.0008325534290634096,0.0008645905763842165,0.0001620807743165642
LTE-FeaturePhase,bsd100,106024.png,x8,x4,67.37705766593328,0.0004277077470697647,0.0008228045189753175,0.0008504902361892164,0.00020375427266117185
SC-INR-Fixed,bsd100,106024.png,x8,x4,55.12188632541171,0.0017534996507971284,0.0036979455035179853,0.0038198588881641626,0.00024011307687032968
SC-INR-Adaptive,bsd100,106024.png,x8,x4,55.59624600819416,0.0016603043264247636,0.0034670010209083557,0.0036432393826544285,0.00021996424766257405
LIIF,bsd100,106024.png,x16,x4,47.91571742538249,0.004019889625023184,0.00781000591814518,0.007427975535392761,0.0015415643574669957
LIIF-EQ,bsd100,106024.png,x16,x4,46.808044843223556,0.00456665031988332,0.009169369004666805,0.00897141546010971,0.0016857304144650698
LTE,bsd100,106024.png,x16,x4,46.27113812900423,0.004857838735617152,0.009131749160587788,0.009212144650518894,0.0015780882677063346
LTE-EQ,bsd100,106024.png,x16,x4,46.8834106929,0.004527197752818453,0.008763204328715801,0.008849543519318104,0.001598530332557857
LTE-NoCell,bsd100,106024.png,x16,x4,74.25435357467808,0.000193768118057473,0.00039352814201265574,0.0003828576300293207,4.592105688061565e-05
LTE-FeaturePhase,bsd100,106024.png,x16,x4,74.9409610248698,0.00017904077486441858,0.0003637935733422637,0.000359569676220417,5.983871596981771e-05
SC-INR-Fixed,bsd100,106024.png,x16,x4,53.30062264372417,0.0021625634958705865,0.004324380308389664,0.004214155953377485,0.0005654959823004901
SC-INR-Adaptive,bsd100,106024.png,x16,x4,52.96563260730672,0.002247596616458854,0.0046029360964894295,0.004632539115846157,0.0004173222987446934
LIIF,bsd100,106024.png,x30,x4,43.03744427699921,0.007049004472954126,0.010591268539428711,0.008428487926721573,0.004402213264256716
LIIF-EQ,bsd100,106024.png,x30,x4,42.18497579669386,0.007775909728433794,0.012291097082197666,0.008874514140188694,0.0036906960885971785
LTE,bsd100,106024.png,x30,x4,39.895802004895636,0.010120684809637629,0.015808312222361565,0.010617634281516075,0.0063199265860021114
LTE-EQ,bsd100,106024.png,x30,x4,41.86651716355826,0.00806629575911743,0.011865063570439816,0.005669446662068367,0.0036723315715789795
LTE-NoCell,bsd100,106024.png,x30,x4,68.8127638130998,0.0003625449076434131,0.000644769927021116,0.00038162822602316737,0.00013610394671559334
LTE-FeaturePhase,bsd100,106024.png,x30,x4,68.57215497936708,0.00037272819916883785,0.0006716033676639199,0.0004579606174957007,0.00013712665531784296
SC-INR-Fixed,bsd100,106024.png,x30,x4,48.91413544688909,0.0035833829887932933,0.0061006732285022736,0.004250699188560247,0.0016744849272072315
SC-INR-Adaptive,bsd100,106024.png,x30,x4,48.611417685891986,0.0037104716330093592,0.006290811579674482,0.005175756290555,0.0018267093691974878
LIIF,bsd100,108005.png,x8,x4,49.05056208013733,0.003527539585129169,0.006539586931467056,0.006573236547410488,0.001133824815042317
LIIF-EQ,bsd100,108005.png,x8,x4,47.829438081399964,0.004060019279941673,0.00746288662776351,0.0074245985597372055,0.0011612612288445234
LTE,bsd100,108005.png,x8,x4,46.0489571482755,0.004983702880818489,0.007921364158391953,0.007681506685912609,0.0018714077305048704
LTE-EQ,bsd100,108005.png,x8,x4,46.90681621525456,0.004515014914245169,0.007259156554937363,0.007094737607985735,0.0015023262239992619
LTE-NoCell,bsd100,108005.png,x8,x4,63.29521139244556,0.0006842887977573255,0.0011915729846805334,0.001255924697034061,0.00015864020679146051
LTE-FeaturePhase,bsd100,108005.png,x8,x4,63.094466709350144,0.0007002879679233314,0.0012241150252521038,0.0013009852264076471,0.0001596109359525144
SC-INR-Fixed,bsd100,108005.png,x8,x4,51.31871861793236,0.0027168400399144813,0.00480326171964407,0.004766023252159357,0.0008222587057389319
SC-INR-Adaptive,bsd100,108005.png,x8,x4,53.114859529849156,0.002209311857813563,0.004220636561512947,0.004274952225387096,0.00046089585521258414
LIIF,bsd100,108005.png,x16,x4,47.9902909806663,0.003985524204293401,0.006941001862287521,0.006714905146509409,0.0015981431351974607
LIIF-EQ,bsd100,108005.png,x16,x4,46.75069000248263,0.004596904695123999,0.008022239431738853,0.007634775713086128,0.0015130607644096017
LTE,bsd100,108005.png,x16,x4,42.84555504064629,0.007206464440036606,0.011246689595282078,0.010683887638151646,0.0032896173652261496
LTE-EQ,bsd100,108005.png,x16,x4,44.247309505475904,0.006132457184331502,0.010095937177538872,0.009423474781215191,0.002073747105896473
LTE-NoCell,bsd100,108005.png,x16,x4,74.37178705574186,0.00019116599746388252,0.000351487920852378,0.00035356631269678473,4.676336538977921e-05
LTE-FeaturePhase,bsd100,108005.png,x16,x4,75.72689372071123,0.00016355179464026343,0.000294748751912266,0.00028904821374453604,4.777865615324117e-05
SC-INR-Fixed,bsd100,108005.png,x16,x4,51.07461601158559,0.0027942753488942023,0.0045037949457764626,0.00426075141876936,0.0011664064368233085
SC-INR-Adaptive,bsd100,108005.png,x16,x4,53.17514671238236,0.0021940305192874932,0.003880103351548314,0.003910059109330177,0.0005863018450327218
LIIF,bsd100,108005.png,x30,x4,44.597579264543384,0.005890077874624088,0.008985182270407677,0.008949358016252518,0.0035861635114997625
LIIF-EQ,bsd100,108005.png,x30,x4,42.59839099763908,0.007414475767335836,0.01058474462479353,0.010563951916992664,0.0038987614680081606
LTE,bsd100,108005.png,x30,x4,37.39150748142033,0.013502824589587983,0.018098965287208557,0.01676510088145733,0.008682841435074806
LTE-EQ,bsd100,108005.png,x30,x4,40.3264168972491,0.00963117236109617,0.014212118461728096,0.013460137881338596,0.0053762164898216724
LTE-NoCell,bsd100,108005.png,x30,x4,69.683873149424,0.00032794902383431843,0.0006229209830053151,0.0005696990410797298,0.00010731817019404843
LTE-FeaturePhase,bsd100,108005.png,x30,x4,70.0009146908806,0.0003161944665580374,0.0005907990271225572,0.0005232280818745494,0.00011328292748657987
SC-INR-Fixed,bsd100,108005.png,x30,x4,48.71008777799247,0.00366855987043928,0.004492519423365593,0.004721945617347956,0.0029062312096357346
SC-INR-Adaptive,bsd100,108005.png,x30,x4,52.06223035268776,0.0024939542500303238,0.003631695406511426,0.00413769856095314,0.0011305294465273619
LIIF,bsd100,108070.png,x8,x4,51.00752774528492,0.0028159413992208115,0.0048321387730538845,0.004803623538464308,0.0012179584009572864
LIIF-EQ,bsd100,108070.png,x8,x4,49.26296342447291,0.0034423246657756556,0.006043323781341314,0.0058328453451395035,0.0012307725846767426
LTE,bsd100,108070.png,x8,x4,47.128597395992884,0.0044011901284801746,0.006531891878694296,0.006276455242186785,0.001888409722596407
LTE-EQ,bsd100,108070.png,x8,x4,48.966252453631405,0.0035619463785504647,0.0052810655906796455,0.005091650877147913,0.00174380571115762
LTE-NoCell,bsd100,108070.png,x8,x4,65.10571690141668,0.0005555384911452077,0.000973992224317044,0.0010061294306069613,0.00013779323489870876
LTE-FeaturePhase,bsd100,108070.png,x8,x4,65.2008733362664,0.000549485622194529,0.0009679871145635843,0.0009978673188015819,0.00014346401439979672
SC-INR-Fixed,bsd100,108070.png,x8,x4,52.36572819644351,0.0024083166609962423,0.003923194948583841,0.003801343496888876,0.0007707365439273417
SC-INR-Adaptive,bsd100,108070.png,x8,x4,56.159400204563106,0.0015560730809681376,0.002791920443996787,0.00276624271646142,0.00047222524881362915
LIIF,bsd100,108070.png,x16,x4,50.10177268009937,0.003125441439004489,0.005322583485394716,0.00531760323792696,0.00142682995647192
LIIF-EQ,bsd100,108070.png,x16,x4,49.40802673102851,0.0033853117097615492,0.006145847495645285,0.006020389497280121,0.0010303255403414369
LTE,bsd100,108070.png,x16,x4,44.610408874619296,0.005881384277981904,0.009089650586247444,0.008953598327934742,0.0025256373919546604
LTE-EQ,bsd100,108070.png,x16,x4,47.36958917496496,0.004280756662217194,0.006071627140045166,0.006094112992286682,0.002344542881473899
LTE-NoCell,bsd100,108070.png,x16,x4,76.96684826141748,0.00014179391276903996,0.000244301394559443,0.00025008933153003454,5.061269621364772e-05
LTE-FeaturePhase,bsd100,108070.png,x16,x4,77.79869522795603,0.00012884430837693185,0.00022435889695771039,0.0002231427060905844,4.9616814067121595e-05
SC-INR-Fixed,bsd100,108070.png,x16,x4,52.52448767241593,0.0023646976315080635,0.003607083112001419,0.003452820936217904,0.001055180444382131
SC-INR-Adaptive,bsd100,108070.png,x16,x4,55.689158013999986,0.001642638884805048,0.002935118041932583,0.0029217624105513096,0.0004978313809260726
LIIF,bsd100,108070.png,x30,x4,45.743276113048935,0.00516221625906009,0.00753214955329895,0.007351547945290804,0.0027581644244492054
LIIF-EQ,bsd100,108070.png,x30,x4,42.83691199501138,0.007213638926840475,0.011310751549899578,0.011374539695680141,0.004232218023389578
LTE,bsd100,108070.png,x30,x4,39.110561340503814,0.011078269678443569,0.012794380076229572,0.013864077627658844,0.006130258087068796
LTE-EQ,bsd100,108070.png,x30,x4,41.51608257793764,0.008398386766590979,0.012022682465612888,0.012591181322932243,0.0042684124782681465
LTE-NoCell,bsd100,108070.png,x30,x4,69.78612907194558,0.00032411083253505935,0.000609785143751651,0.0005496583180502057,8.897371299099177e-05
LTE-FeaturePhase,bsd100,108070.png,x30,x4,69.90636111782607,0.00031965532540802075,0.000594408658798784,0.0005208763177506626,9.216003672918305e-05
SC-INR-Fixed,bsd100,108070.png,x30,x4,49.600029994116355,0.0033112997802249053,0.004392305389046669,0.0043507590889930725,0.001934541156515479
SC-INR-Adaptive,bsd100,108070.png,x30,x4,51.39659667163962,0.0026925896148823534,0.003837292781099677,0.004005880560725927,0.0012036721454933286
LIIF,bsd100,108082.png,x8,x4,49.268605781860934,0.00344008925643395,0.006644191686064005,0.0066834865137934685,0.0005208809743635356
LIIF-EQ,bsd100,108082.png,x8,x4,48.28907897435565,0.003850756447784107,0.007404417265206575,0.007507726084440947,0.0004905199748463929
LTE,bsd100,108082.png,x8,x4,47.26501285688896,0.004332607599633424,0.007399929221719503,0.007638945244252682,0.0007138052606023848
LTE-EQ,bsd100,108082.png,x8,x4,48.25023152847646,0.003868017440240283,0.0064168572425842285,0.006627749651670456,0.0007372411782853305
LTE-NoCell,bsd100,108082.png,x8,x4,62.70159646076649,0.000732689852852206,0.0013807530049234629,0.001465172739699483,8.699551108293235e-05
LTE-FeaturePhase,bsd100,108082.png,x8,x4,62.40566162129839,0.0007580832814414674,0.0014498664531856775,0.0015304037369787693,0.00011335985618643463
SC-INR-Fixed,bsd100,108082.png,x8,x4,51.461744326308256,0.0026724696614274833,0.005080685019493103,0.005132743623107672,0.00029944319976493716
SC-INR-Adaptive,bsd100,108082.png,x8,x4,53.44237683248524,0.0021275567754016934,0.004254112485796213,0.004355099983513355,0.00019160516967531294
LIIF,bsd100,108082.png,x16,x4,44.375395457222304,0.006042688780382432,0.011337146162986755,0.010650639422237873,0.0015593419084325433
LIIF-EQ,bsd100,108082.png,x16,x4,41.74551021312301,0.008179457295937104,0.015032288618385792,0.013173297047615051,0.0018028875347226858
LTE,bsd100,108082.png,x16,x4,39.25050312329434,0.010901213461386547,0.018098630011081696,0.017171207815408707,0.0031134963501244783
LTE-EQ,bsd100,108082.png,x16,x4,40.917566147799285,0.008997496628952897,0.015921464189887047,0.01466071605682373,0.0019229673780500889
LTE-NoCell,bsd100,108082.png,x16,x4,71.87003795916097,0.00025497529448193493,0.0004893977893516421,0.0004706429608631879,3.312220724183135e-05
LTE-FeaturePhase,bsd100,108082.png,x16,x4,72.03253601813847,0.00025024948885809725,0.0004860827175434679,0.0004631284100469202,3.720648601301946e-05
SC-INR-Fixed,bsd100,108082.png,x16,x4,48.598904921542605,0.0037158207356459594,0.006467803847044706,0.006140807643532753,0.00080355309182778
SC-INR-Adaptive,bsd100,108082.png,x16,x4,50.92898432060569,0.0028415204370774564,0.005149642005562782,0.005021482240408659,0.0004583905974868685
LIIF,bsd100,108082.png,x30,x4,42.33797596550167,0.007640137975967161,0.013225861825048923,0.013009727001190186,0.00263622822239995
LIIF-EQ,bsd100,108082.png,x30,x4,41.034259668125046,0.008877425095996547,0.014060341753065586,0.013309256173670292,0.004590240307152271
LTE,bsd100,108082.png,x30,x4,37.74291515420251,0.012967439853352922,0.01946144364774227,0.020008305087685585,0.007515239994972944
LTE-EQ,bsd100,108082.png,x30,x4,39.09368339503748,0.011099817294191006,0.01859128475189209,0.01909477636218071,0.004138510674238205
LTE-NoCell,bsd100,108082.png,x30,x4,67.8453179373284,0.0004052603387692936,0.0007858633762225509,0.0007391513790935278,9.847858746070415e-05
LTE-FeaturePhase,bsd100,108082.png,x30,x4,67.52232042281454,0.0004206142468880438,0.0008156448020599782,0.0007603194680996239,0.00010129478323506191
SC-INR-Fixed,bsd100,108082.png,x30,x4,48.99050039471956,0.0035520165470028526,0.005446364637464285,0.00553322397172451,0.0016679445980116725
SC-INR-Adaptive,bsd100,108082.png,x30,x4,50.390284928022226,0.00302333139287964,0.0047774286940693855,0.0050682183355093,0.0012026813346892595
LIIF,bsd100,109053.png,x8,x4,55.199613238667695,0.0017378782104748905,0.003198112826794386,0.003140106098726392,0.0004598037339746952
LIIF-EQ,bsd100,109053.png,x8,x4,53.760817511785504,0.0020509691335054664,0.0038799485191702843,0.0037848176434636116,0.0005193634424358606
LTE,bsd100,109053.png,x8,x4,53.84299783270273,0.002031655687838679,0.003345360280945897,0.0033528758212924004,0.0006170971901156008
LTE-EQ,bsd100,109053.png,x8,x4,53.744367821321376,0.0020548570224836397,0.003395794192329049,0.0034010540693998337,0.0005696711596101522
LTE-NoCell,bsd100,109053.png,x8,x4,67.6601981699881,0.0004139902294574063,0.0007100495276972651,0.0007263267762027681,0.0001663270522840321
LTE-FeaturePhase,bsd100,109053.png,x8,x4,67.5404999239114,0.00041973482509387626,0.000714283378329128,0.0007407141965813935,0.00018693262245506048
SC-INR-Fixed,bsd100,109053.png,x8,x4,57.402592776256675,0.0013485602713321952,0.002317586448043585,0.00226587918587029,0.00038024596869945526
SC-INR-Adaptive,bsd100,109053.png,x8,x4,59.83190643861329,0.0010195409596446012,0.0019419967429712415,0.0019892717245966196,0.0002314168814336881
LIIF,bsd100,109053.png,x16,x4,51.57286289938254,0.002638498520755351,0.004619574639946222,0.004126423969864845,0.001140136388130486
LIIF-EQ,bsd100,109053.png,x16,x4,50.3715309110752,0.0030298662287691442,0.005368671379983425,0.004532389342784882,0.0013074290473014116
LTE,bsd100,109053.png,x16,x4,46.245505668609816,0.004872195614965245,0.008072308264672756,0.006835439708083868,0.0024259283673018217
LTE-EQ,bsd100,109053.png,x16,x4,48.49720335159461,0.003759584344133326,0.0060284859500825405,0.005184336565434933,0.0017151503125205636
LTE-NoCell,bsd100,109053.png,x16,x4,77.6831216450464,0.00013057015442366097,0.00023364185472019017,0.00021224647935014218,4.7225868911482394e-05
LTE-FeaturePhase,bsd100,109053.png,x16,x4,78.81567141171081,0.00011460839468152852,0.0002009561867453158,0.0001890467683551833,4.744926991406828e-05
SC-INR-Fixed,bsd100,109053.png,x16,x4,54.888669190913895,0.0018012190871885335,0.002681919140741229,0.002282374072819948,0.0010216851951554418
SC-INR-Adaptive,bsd100,109053.png,x16,x4,57.77536896445625,0.001291907893544263,0.002307105576619506,0.0021567577496170998,0.0003914099361281842
LIIF,bsd100,109053.png,x30,x4,50.036562044340386,0.0031489944686753785,0.004003151319921017,0.0026049187872558832,0.001987189520150423
LIIF-EQ,bsd100,109053.png,x30,x4,50.21203620711731,0.0030860161153559254,0.003989426884800196,0.002531694481149316,0.00202283076941967
LTE,bsd100,109053.png,x30,x4,45.10166264084334,0.005557978570389794,0.006175846327096224,0.0042270878329873085,0.00497178640216589
LTE-EQ,bsd100,109053.png,x30,x4,46.89470639574165,0.004521314113315007,0.004726697225123644,0.0030276488978415728,0.0032884313259273767
LTE-NoCell,bsd100,109053.png,x30,x4,73.03703387152434,0.0002229196263438781,0.0003662158560473472,0.0001848723622970283,0.00010176037176279351
LTE-FeaturePhase,bsd100,109053.png,x30,x4,73.2730078232969,0.0002169449818053643,0.0003481347521301359,0.00018685439135879278,0.00010208538878941908
SC-INR-Fixed,bsd100,109053.png,x30,x4,54.48620505977427,0.001886643080108365,0.0022519403137266636,0.0016001153271645308,0.001432014279998839
SC-INR-Adaptive,bsd100,109053.png,x30,x4,58.74786180397333,0.0011550662911097786,0.0014557329704985023,0.0009514859411865473,0.000841040164232254
LIIF,urban100,img_001.png,x8,x4,46.46467591074783,0.00475079405637197,0.009790733456611633,0.009618416428565979,0.0005663646734319627
LIIF-EQ,urban100,img_001.png,x8,x4,45.335375692697674,0.0054104229344043376,0.010940952226519585,0.010762479156255722,0.0007711374782957137
LTE,urban100,img_001.png,x8,x4,44.14347642480755,0.006206205884493303,0.011726650409400463,0.011905661784112453,0.0007199619431048632
LTE-EQ,urban100,img_001.png,x8,x4,47.26020112764196,0.004335008402665197,0.007931491360068321,0.008342021144926548,0.0006881639128550887
LTE-NoCell,urban100,img_001.png,x8,x4,59.96351750118366,0.0010042090361114372,0.0020187965128570795,0.0020363812800496817,0.00011669014202198014
LTE-FeaturePhase,urban100,img_001.png,x8,x4,59.95635607469778,0.0010050373375279492,0.0020045058336108923,0.002036653459072113,0.0001263781014131382
SC-INR-Fixed,urban100,img_001.png,x8,x4,48.46965104917974,0.003771528966164169,0.007718764245510101,0.007786986418068409,0.0002882925618905574
SC-INR-Adaptive,urban100,img_001.png,x8,x4,48.33284429924744,0.003831402559609019,0.007536471355706453,0.007808594033122063,0.00027941708685830235
LIIF,urban100,img_001.png,x16,x4,44.918238691881044,0.00567659702689366,0.010982145555317402,0.010302320122718811,0.0012268839636817575
LIIF-EQ,urban100,img_001.png,x16,x4,43.12434577056818,0.006978831480997945,0.01301962323486805,0.01272895373404026,0.0015403499128296971
LTE,urban100,img_001.png,x16,x4,38.942805079422754,0.01129431109716343,0.018844028934836388,0.018991582095623016,0.0016374478582292795
LTE-EQ,urban100,img_001.png,x16,x4,42.45209394325783,0.007540415940159309,0.013018461875617504,0.013070564717054367,0.0012233657762408257
LTE-NoCell,urban100,img_001.png,x16,x4,70.68158140161366,0.000292362003877988,0.0005495722289197147,0.0005368367419578135,5.080353366793133e-05
LTE-FeaturePhase,urban100,img_001.png,x16,x4,71.18234983994302,0.00027598311234167106,0.0005289496621116996,0.000517644512001425,5.971228165435605e-05
SC-INR-Fixed,urban100,img_001.png,x16,x4,48.27164306177635,0.003858494156876586,0.007305554114282131,0.0073008183389902115,0.000439795054262504
SC-INR-Adaptive,urban100,img_001.png,x16,x4,49.20429980615217,0.0034656524658203125,0.0063069164752960205,0.006540647707879543,0.0004406171792652458
LIIF,urban100,img_001.png,x30,x4,42.89409141735597,0.007166307330123947,0.01330177579075098,0.012475768104195595,0.0015816467348486185
LIIF-EQ,urban100,img_001.png,x30,x4,41.14942435882908,0.00876049774277719,0.015106712467968464,0.01474241353571415,0.0025487204547971487
LTE,urban100,img_001.png,x30,x4,35.66146467038673,0.016478844912497622,0.025264859199523926,0.026762830093503,0.004282036330550909
LTE-EQ,urban100,img_001.png,x30,x4,38.500643015861684,0.01188414245948808,0.020099453628063202,0.020975109189748764,0.003189937211573124
LTE-NoCell,urban100,img_001.png,x30,x4,66.23745831424296,0.0004876711727288224,0.0009473648387938738,0.0008693481795489788,0.00010621093679219484
LTE-FeaturePhase,urban100,img_001.png,x30,x4,66.44698763798976,0.00047604786099449077,0.0009212521836161613,0.0008441874524578452,0.00010678086255211383
SC-INR-Fixed,urban100,img_001.png,x30,x4,46.354454929820974,0.004811464141969463,0.008642219007015228,0.00880065280944109,0.0011382702505216002
SC-INR-Adaptive,urban100,img_001.png,x30,x4,48.13880439359813,0.003917958038041241,0.006867127027362585,0.007592467591166496,0.0006308755837380886
LIIF,urban100,img_002.png,x8,x4,46.06713574074583,0.004973283456997728,0.009302436374127865,0.008634936064481735,0.0010603279806673527
LIIF-EQ,urban100,img_002.png,x8,x4,44.59898488672978,0.005889124770841379,0.010722327046096325,0.009860356338322163,0.0011425510747358203
LTE,urban100,img_002.png,x8,x4,43.17996791988855,0.006934283670919626,0.011331033892929554,0.010534214787185192,0.0017501296242699027
LTE-EQ,urban100,img_002.png,x8,x4,45.17212770045302,0.0055130713733051034,0.008926537819206715,0.008728577755391598,0.0013702817959710956
LTE-NoCell,urban100,img_002.png,x8,x4,59.79365481402446,0.0010240407978375776,0.0016810219967737794,0.001770878559909761,0.00015727811842225492
LTE-FeaturePhase,urban100,img_002.png,x8,x4,59.85906708986165,0.0010163578491763563,0.0016350988298654556,0.0017572096548974514,0.00016808554937597364
SC-INR-Fixed,urban100,img_002.png,x8,x4,48.1827309856315,0.003898194018165481,0.007198370527476072,0.0065607186406850815,0.0007053299341350794
SC-INR-Adaptive,urban100,img_002.png,x8,x4,48.49265013795524,0.003761555665317305,0.006891796365380287,0.006547862663865089,0.0005807922570966184
LIIF,urban100,img_002.png,x16,x4,40.55009450838667,0.009386318236639539,0.016720732674002647,0.015009639784693718,0.003093052888289094
LIIF-EQ,urban100,img_002.png,x16,x4,38.19141609910136,0.012314851948771004,0.020478785037994385,0.02003481052815914,0.003201346844434738
LTE,urban100,img_002.png,x16,x4,34.61437917778923,0.01859007068577879,0.029344167560338974,0.02572590485215187,0.006361545994877815
LTE-EQ,urban100,img_002.png,x16,x4,37.4786418346842,0.013368045290576017,0.02148773893713951,0.020569663494825363,0.0039128754287958145
LTE-NoCell,urban100,img_002.png,x16,x4,67.5571062752376,0.00041893311043243145,0.0006927596987225115,0.0006844379822723567,8.59808424138464e-05
LTE-FeaturePhase,urban100,img_002.png,x16,x4,68.86796824941926,0.00036024800756710295,0.0005749625852331519,0.0005814415635541081,8.953908400144428e-05
SC-INR-Fixed,urban100,img_002.png,x16,x4,43.123080475727555,0.006979848178541882,0.012495110742747784,0.011109544895589352,0.0019357267301529646
SC-INR-Adaptive,urban100,img_002.png,x16,x4,43.44482730017851,0.006726027443544886,0.011977563612163067,0.01054041925817728,0.0016570722218602896
LIIF,urban100,img_002.png,x30,x4,38.87430557909533,0.011383733524723062,0.02011544443666935,0.0184343084692955,0.0045583597384393215
LIIF-EQ,urban100,img_002.png,x30,x4,34.46556205002743,0.01891132235462831,0.030668960884213448,0.03181879222393036,0.005412472411990166
LTE,urban100,img_002.png,x30,x4,31.206919858497525,0.027520353433240913,0.04492976516485214,0.04259746894240379,0.01143898069858551
LTE-EQ,urban100,img_002.png,x30,x4,33.57529955886208,0.020952460088436743,0.035120464861392975,0.033420905470848083,0.005933721084147692
LTE-NoCell,urban100,img_002.png,x30,x4,63.90361388523287,0.0006379979830237731,0.0012911339290440083,0.001129934680648148,0.0001324695913353935
LTE-FeaturePhase,urban100,img_002.png,x30,x4,64.28089742601612,0.0006108789056434793,0.0012268719729036093,0.0010491919238120317,0.00012830947525799274
SC-INR-Fixed,urban100,img_002.png,x30,x4,41.25331016638984,0.008656343698397935,0.015370706096291542,0.014110333286225796,0.0025828343350440264
SC-INR-Adaptive,urban100,img_002.png,x30,x4,40.45901915795254,0.009485255681884408,0.01680268533527851,0.01705889031291008,0.002716341055929661
LIIF,urban100,img_003.png,x8,x4,46.46548521228574,0.004750351425164062,0.009120612405240536,0.008749304339289665,0.0013359116856008768
LIIF-EQ,urban100,img_003.png,x8,x4,44.4445775575015,0.005994750631690833,0.011223792098462582,0.011058433912694454,0.001590138184837997
LTE,urban100,img_003.png,x8,x4,43.7941030401204,0.006460927206550734,0.010705321095883846,0.010841858573257923,0.0021179532632231712
LTE-EQ,urban100,img_003.png,x8,x4,45.13719699341163,0.005535287085717694,0.009490711614489555,0.009545201435685158,0.00181735516525805
LTE-NoCell,urban100,img_003.png,x8,x4,59.44099069879072,0.0010664744739065587,0.0019359593279659748,0.0020357761532068253,0.00015955492563080043
LTE-FeaturePhase,urban100,img_003.png,x8,x4,59.885198292115305,0.0010133047661580877,0.0018293557222932577,0.0019332150695845485,0.0001668054173933342
SC-INR-Fixed,urban100,img_003.png,x8,x4,48.20790008693243,0.003886914571971574,0.007150434888899326,0.007030989974737167,0.0008846225100569427
SC-INR-Adaptive,urban100,img_003.png,x8,x4,48.68212708875643,0.0036803883352315987,0.0068738930858671665,0.006723797880113125,0.0006735255592502654
LIIF,urban100,img_003.png,x16,x4,44.147548714907465,0.006203296850628424,0.011639963835477829,0.011083361692726612,0.0018895631656050682
LIIF-EQ,urban100,img_003.png,x16,x4,41.55389615345633,0.008361904290008928,0.014682131819427013,0.014462639577686787,0.002531609032303095
LTE,urban100,img_003.png,x16,x4,38.80356553278545,0.011476824044513822,0.018113998696208,0.01783333159983158,0.0033501016441732645
LTE-EQ,urban100,img_003.png,x16,x4,40.94129770195646,0.008972947255500723,0.015159957110881805,0.01509557943791151,0.0024764391127973795
LTE-NoCell,urban100,img_003.png,x16,x4,69.78671956256655,0.00032408879933990394,0.000600541359744966,0.000600971921812743,5.89698065596167e-05
LTE-FeaturePhase,urban100,img_003.png,x16,x4,70.06175395892042,0.00031398745887526304,0.0005920358235016465,0.0005980768473818898,5.7063716667471454e-05
SC-INR-Fixed,urban100,img_003.png,x16,x4,47.39146276750603,0.004269990036220767,0.007226743269711733,0.007540104445070028,0.0010823593474924564
SC-INR-Adaptive,urban100,img_003.png,x16,x4,48.32606117532929,0.0038343958084174844,0.006275728810578585,0.006839105859398842,0.0008175263646990061
LIIF,urban100,img_003.png,x30,x4,43.45707012659824,0.006716553735748557,0.011435623280704021,0.010824420489370823,0.002209324622526765
LIIF-EQ,urban100,img_003.png,x30,x4,43.00457776801011,0.007075727704685722,0.011616431176662445,0.01030935812741518,0.0028753553051501513
LTE,urban100,img_003.png,x30,x4,38.98511938728233,0.011239423369398859,0.015764376148581505,0.015318883582949638,0.0047315191477537155
LTE-EQ,urban100,img_003.png,x30,x4,40.736708324192065,0.009186806812707959,0.01363158505409956,0.013295917771756649,0.0032683839090168476
LTE-NoCell,urban100,img_003.png,x30,x4,67.51795224940565,0.00042082582890439163,0.0008081595879048109,0.000714896887075156,8.626861381344497e-05
LTE-FeaturePhase,urban100,img_003.png,x30,x4,67.77885160117079,0.0004083733755640378,0.0007791777607053518,0.0006890310323797166,9.02038809726946e-05
SC-INR-Fixed,urban100,img_003.png,x30,x4,47.89360539038693,0.004030136264427249,0.006178020499646664,0.0059346710331737995,0.0015667870175093412
SC-INR-Adaptive,urban100,img_003.png,x30,x4,49.63125014842282,0.003299419163965971,0.0052606407552957535,0.005175800062716007,0.0012425652239471674
LIIF,urban100,img_004.png,x8,x4,42.072222656717614,0.007877508258843294,0.014058170840144157,0.013264723122119904,0.0026712208054959774
LIIF-EQ,urban100,img_004.png,x8,x4,39.02958382447703,0.011182034008735658,0.019724993035197258,0.019155312329530716,0.003871434135362506
LTE,urban100,img_004.png,x8,x4,39.16129327623329,0.011013753092355237,0.016357531771063805,0.015687206760048866,0.005136193707585335
LTE-EQ,urban100,img_004.png,x8,x4,38.2194752383468,0.012275133896527643,0.019322840496897697,0.01879843696951866,0.005344722419977188
LTE-NoCell,urban100,img_004.png,x8,x4,55.41116699580037,0.0016960617119750284,0.0025878502056002617,0.002899212297052145,0.00036730131250806153
LTE-FeaturePhase,urban100,img_004.png,x8,x4,55.903825800599094,0.0016025393782029983,0.002374641364440322,0.0027093919925391674,0.00037777400575578213
SC-INR-Fixed,urban100,img_004.png,x8,x4,43.35365421592598,0.00679700030176747,0.011534950695931911,0.01105659082531929,0.002022254979237914
SC-INR-Adaptive,urban100,img_004.png,x8,x4,44.02345995176378,0.006292554742516551,0.010894549079239368,0.010786397382616997,0.0017710232641547918
LIIF,urban100,img_004.png,x16,x4,42.28345243958806,0.007688247895316822,0.014400090090930462,0.01391289010643959,0.0009094755514524877
LIIF-EQ,urban100,img_004.png,x16,x4,37.9363279830042,0.012681878873203344,0.0226526390761137,0.022632379084825516,0.001076458371244371
LTE,urban100,img_004.png,x16,x4,36.07788453470783,0.0157074531582352,0.025533095002174377,0.024047384038567543,0.001546771265566349
LTE-EQ,urban100,img_004.png,x16,x4,38.59303943564462,0.011758394535841462,0.019728930667042732,0.020665820688009262,0.0012440549908205867
LTE-NoCell,urban100,img_004.png,x16,x4,68.38537683458631,0.0003808300048489636,0.0007124356343410909,0.0007124386029317975,6.663954991381615e-05
LTE-FeaturePhase,urban100,img_004.png,x16,x4,68.41967268549898,0.0003793292791495854,0.0007019844488240778,0.000708237465005368,8.434753544861451e-05
SC-INR-Fixed,urban100,img_004.png,x16,x4,44.620459561194075,0.005874582699144822,0.010251042433083057,0.01094528753310442,0.00035754102282226086
SC-INR-Adaptive,urban100,img_004.png,x16,x4,44.20385926619996,0.0061632110065148495,0.010508549399673939,0.011565087363123894,0.00028367090271785855
LIIF,urban100,img_004.png,x30,x4,41.48845036935687,0.00842514689240657,0.016855159774422646,0.01589939370751381,0.0009283950785174966
LIIF-EQ,urban100,img_004.png,x30,x4,39.16331911783428,0.011011184614241751,0.020470337942242622,0.02101205475628376,0.0010679750703275204
LTE,urban100,img_004.png,x30,x4,36.06956254275034,0.01572250975516884,0.026582548394799232,0.024903185665607452,0.0011330366833135486
LTE-EQ,urban100,img_004.png,x30,x4,37.627047580458814,0.013141581143528258,0.024387918412685394,0.02424917183816433,0.0011369218118488789
LTE-NoCell,urban100,img_004.png,x30,x4,67.1021068357162,0.00044146335370953563,0.000940964266192168,0.0008674614364281297,3.1387236958835274e-05
LTE-FeaturePhase,urban100,img_004.png,x30,x4,67.25646568617564,0.00043368731112125347,0.0009266039123758674,0.0008460718090645969,4.249903213349171e-05
SC-INR-Fixed,urban100,img_004.png,x30,x4,45.71026365673316,0.005181873623967408,0.009176145307719707,0.010100970044732094,0.00024840078549459577
SC-INR-Adaptive,urban100,img_004.png,x30,x4,45.57471068189696,0.005263376849174611,0.009413545951247215,0.010305467993021011,0.00023592855723109096
LIIF,urban100,img_005.png,x8,x4,42.57248306107649,0.007436624395263777,0.014860257506370544,0.014774229377508163,0.00011397462367312983
LIIF-EQ,urban100,img_005.png,x8,x4,41.06374020481462,0.008847345549083771,0.01756608858704567,0.0173089187592268,0.00017065045540221035
LTE,urban100,img_005.png,x8,x4,38.6177098800739,0.011725044670909825,0.022304194048047066,0.021423598751425743,0.00016582111129537225
LTE-EQ,urban100,img_005.png,x8,x4,40.77138894990419,0.00915019927873106,0.017338749021291733,0.016382426023483276,0.0003144069924019277
LTE-NoCell,urban100,img_005.png,x8,x4,54.76667769335977,0.0018266953167210356,0.003621513256803155,0.0036723639350384474,7.087739504640922e-05
LTE-FeaturePhase,urban100,img_005.png,x8,x4,54.43229290922261,0.0018983896372884832,0.003812760580331087,0.003789727808907628,8.92281168489717e-05
SC-INR-Fixed,urban100,img_005.png,x8,x4,43.32071543335787,0.006822824940539976,0.013364353217184544,0.013467404991388321,9.359586692880839e-05
SC-INR-Adaptive,urban100,img_005.png,x8,x4,43.449561767799246,0.006722362248232511,0.012945612892508507,0.013471238315105438,9.796792437555268e-05
LIIF,urban100,img_005.png,x16,x4,39.88949899715932,0.010128031657010629,0.018411096185445786,0.016624262556433678,0.00017573863442521542
LIIF-EQ,urban100,img_005.png,x16,x4,36.18760147905864,0.01551029028708864,0.027658384293317795,0.024402804672718048,0.0006465709884651005
LTE,urban100,img_005.png,x16,x4,33.11881336784914,0.022083064025652497,0.03803597390651703,0.033025410026311874,0.0002756900212261826
LTE-EQ,urban100,img_005.png,x16,x4,35.23150983390998,0.017315080233844857,0.02993551641702652,0.028019990772008896,0.0005491721676662564
LTE-NoCell,urban100,img_005.png,x16,x4,64.18034591910265,0.0006179917878729469,0.0012054754188284278,0.0011541442945599556,2.406546082056593e-05
LTE-FeaturePhase,urban100,img_005.png,x16,x4,64.09876253506083,0.0006238237043268491,0.0012194894952699542,0.0011680878233164549,3.416179970372468e-05
SC-INR-Fixed,urban100,img_005.png,x16,x4,42.05546181177668,0.007892723875462923,0.014468665234744549,0.014129073359072208,5.090858758194372e-05
SC-INR-Adaptive,urban100,img_005.png,x16,x4,41.54297111918942,0.008372428435604633,0.014701529406011105,0.015251883305609226,4.497202462516725e-05
LIIF,urban100,img_005.png,x30,x4,40.65784857053487,0.009270594205818439,0.016302894800901413,0.01446095947176218,0.00031154672615230083
LIIF-EQ,urban100,img_005.png,x30,x4,35.47660763149585,0.016833313760468455,0.025337940081954002,0.023088127374649048,0.0011736558517441154
LTE,urban100,img_005.png,x30,x4,31.07409719351445,0.027944422591250195,0.043925389647483826,0.03857238218188286,0.0005358891794458032
LTE-EQ,urban100,img_005.png,x30,x4,34.85351468448691,0.01808523955605078,0.029324475675821304,0.028984393924474716,0.0007929895655252039
LTE-NoCell,urban100,img_005.png,x30,x4,63.67812954658629,0.0006547771611587197,0.001361646456643939,0.0011944498401135206,1.2279415386728942e-05
LTE-FeaturePhase,urban100,img_005.png,x30,x4,63.36959681360093,0.0006784536126000201,0.0014283005148172379,0.0012287775753065944,1.5625506421201862e-05
SC-INR-Fixed,urban100,img_005.png,x30,x4,43.30548937247528,0.006834795603150472,0.012304151430726051,0.011853559873998165,7.826594082871452e-05
SC-INR-Adaptive,urban100,img_005.png,x30,x4,43.14413596604759,0.006962948799475458,0.011736582033336163,0.011801468208432198,6.536971341120079e-05
LIIF,urban100,img_006.png,x8,x4,46.162119150722916,0.004919195043670096,0.009839348495006561,0.009590782225131989,0.0007023605285212398
LIIF-EQ,urban100,img_006.png,x8,x4,44.12013916127491,0.006222903150439403,0.01194014959037304,0.012181523256003857,0.0009043936734087765
LTE,urban100,img_006.png,x8,x4,43.85921632907789,0.006412674313346792,0.011616120114922523,0.012095772661268711,0.0009419023990631104
LTE-EQ,urban100,img_006.png,x8,x4,46.44304039132958,0.004762642470458827,0.008395116776227951,0.008769632317125797,0.0010005129734054208
LTE-NoCell,urban100,img_006.png,x8,x4,59.04398193382584,0.0011163513536064217,0.002030890202149749,0.002150142565369606,0.0001450299023417756
LTE-FeaturePhase,urban100,img_006.png,x8,x4,58.750215329281005,0.0011547533571909915,0.002078570891171694,0.002218189649283886,0.00015714677283540368
SC-INR-Fixed,urban100,img_006.png,x8,x4,48.248164090982456,0.003868938225146788,0.007716120220720768,0.007760822772979736,0.0003867988125421107
SC-INR-Adaptive,urban100,img_006.png,x8,x4,48.61321805180993,0.003709702625495502,0.007059738039970398,0.007373661268502474,0.000381919409846887
LIIF,urban100,img_006.png,x16,x4,44.72848449273358,0.005801973960820175,0.010604453273117542,0.009793132543563843,0.0016471368726342916
LIIF-EQ,urban100,img_006.png,x16,x4,43.29491712298094,0.006843119811867287,0.012464110739529133,0.011977085843682289,0.001695183920674026
LTE,urban100,img_006.png,x16,x4,40.52561687269132,0.009412807050959171,0.013890048488974571,0.013436040841042995,0.0031802942976355553
LTE-EQ,urban100,img_006.png,x16,x4,42.75803823085128,0.0072794419727853915,0.012521769851446152,0.012478942051529884,0.0018001889111474156
LTE-NoCell,urban100,img_006.png,x16,x4,70.607295126619,0.0002948731598315911,0.0005303812795318663,0.000518270127940923,5.565302126342431e-05
LTE-FeaturePhase,urban100,img_006.png,x16,x4,71.45936682307062,0.0002673201270416201,0.0004645436711143702,0.0004562344984151423,6.13254596828483e-05
SC-INR-Fixed,urban100,img_006.png,x16,x4,47.572602923607434,0.00418186350858302,0.006978342775255442,0.0066155483946204185,0.0013245008885860443
SC-INR-Adaptive,urban100,img_006.png,x16,x4,49.07118006374294,0.003519176078001552,0.006201168056577444,0.0061418735422194,0.0007828698144294322
LIIF,urban100,img_006.png,x30,x4,42.11925393724273,0.007834969372871382,0.012987622059881687,0.012551477178931236,0.003240003017708659
LIIF-EQ,urban100,img_006.png,x30,x4,37.76373506566883,0.012936394370424287,0.018297530710697174,0.01519686821848154,0.007699166424572468
LTE,urban100,img_006.png,x30,x4,34.46395711465576,0.018914817017317377,0.02523723617196083,0.023315850645303726,0.0105728255584836
LTE-EQ,urban100,img_006.png,x30,x4,38.89183643754512,0.011360780739151958,0.018395723775029182,0.018322916701436043,0.004875661339610815
LTE-NoCell,urban100,img_006.png,x30,x4,66.84610362239233,0.0004546684498483612,0.0008965982124209404,0.0007887642132118344,0.00011194684338988736
LTE-FeaturePhase,urban100,img_006.png,x30,x4,67.7131148789242,0.0004114757600007599,0.0007884474471211433,0.0006832349463365972,0.00012104572670068592
SC-INR-Fixed,urban100,img_006.png,x30,x4,45.454794203767534,0.00533654639933427,0.008329051546752453,0.007595753762871027,0.002571555320173502
SC-INR-Adaptive,urban100,img_006.png,x30,x4,48.37893877035,0.0038111238431875094,0.005889017600566149,0.0057268100790679455,0.0018270362634211779
LIIF,urban100,img_007.png,x8,x4,45.544194742436375,0.005281901073237121,0.010478939861059189,0.010154366493225098,0.0009494717232882977
LIIF-EQ,urban100,img_007.png,x8,x4,44.189629596821085,0.006173316169661845,0.012094655074179173,0.01187008898705244,0.0010102803353220224
LTE,urban100,img_007.png,x8,x4,43.478018000090415,0.006700374852628497,0.011294870637357235,0.011561349965631962,0.0015084778424352407
LTE-EQ,urban100,img_007.png,x8,x4,45.13868286652823,0.005534340259179033,0.009812932461500168,0.010032030753791332,0.0011137756519019604
LTE-NoCell,urban100,img_007.png,x8,x4,58.46838173656544,0.0011928364818791467,0.0022101090289652348,0.0023032543249428272,0.00014365593960974365
LTE-FeaturePhase,urban100,img_007.png,x8,x4,58.60890476355662,0.001173693668603385,0.0021716617047786713,0.00227486714720726,0.00014886382268741727
SC-INR-Fixed,urban100,img_007.png,x8,x4,47.44294656208836,0.0042447554234749715,0.00831291452050209,0.008311576209962368,0.000574775505810976
SC-INR-Adaptive,urban100,img_007.png,x8,x4,47.42019428584287,0.004255888934615972,0.008270123973488808,0.00853116624057293,0.000455284898635
LIIF,urban100,img_007.png,x16,x4,41.65859361048423,0.008261717096428898,0.01487196795642376,0.014041989110410213,0.0028288180474191904
LIIF-EQ,urban100,img_007.png,x16,x4,38.16253518492383,0.012355867452245865,0.02159176580607891,0.021522849798202515,0.0037104221992194653
LTE,urban100,img_007.png,x16,x4,36.24628758642283,0.015405848427393367,0.02340351603925228,0.023259691894054413,0.005835427902638912
LTE-EQ,urban100,img_007.png,x16,x4,37.77129557544959,0.012925138968182592,0.021648697555065155,0.021125517785549164,0.0036983047612011433
LTE-NoCell,urban100,img_007.png,x16,x4,66.86372532308611,0.0004537469657094279,0.0008611705270595849,0.0008623925386928022,7.473993900930509e-05
LTE-FeaturePhase,urban100,img_007.png,x16,x4,67.3024348867436,0.0004313981274641797,0.0008226701756939292,0.0008207535720430315,6.888921052450314e-05
SC-INR-Fixed,urban100,img_007.png,x16,x4,44.2796356478116,0.006109676529922531,0.010951795615255833,0.011364217847585678,0.0015328971203416586
SC-INR-Adaptive,urban100,img_007.png,x16,x4,43.893061713798176,0.006387735345700717,0.01117232721298933,0.01219670008867979,0.001205747714266181
LIIF,urban100,img_007.png,x30,x4,41.27852296569003,0.008631253096255728,0.014342387206852436,0.012761007063090801,0.0037080859765410423
LIIF-EQ,urban100,img_007.png,x30,x4,37.571366816717536,0.013226095650122116,0.020187892019748688,0.01933097466826439,0.005850645247846842
LTE,urban100,img_007.png,x30,x4,33.864141975052036,0.02026716024178091,0.02663627825677395,0.025922175496816635,0.0116970743983984
LTE-EQ,urban100,img_007.png,x30,x4,36.79784130054046,0.014457990497551688,0.023210445418953896,0.021483013406395912,0.006580495275557041
LTE-NoCell,urban100,img_007.png,x30,x4,65.64547274600538,0.0005220671448489424,0.001035629422403872,0.0009119579335674644,0.00013424943608697504
LTE-FeaturePhase,urban100,img_007.png,x30,x4,65.45737880964721,0.0005334958672820332,0.0010660062544047832,0.0009383062133565545,0.00013762761955149472
SC-INR-Fixed,urban100,img_007.png,x30,x4,44.46041868857925,0.005983827503394611,0.009519153274595737,0.009587793610990047,0.002483148593455553
SC-INR-Adaptive,urban100,img_007.png,x30,x4,45.35508349309963,0.005398160901937556,0.008676302619278431,0.009183947928249836,0.0017557358369231224
LIIF,urban100,img_008.png,x8,x4,42.103827931405405,0.007848896521000131,0.014803077094256878,0.014864655211567879,0.001577708637341857
LIIF-EQ,urban100,img_008.png,x8,x4,38.44759440851175,0.01195694632178369,0.02128358744084835,0.021698646247386932,0.001972681377083063
LTE,urban100,img_008.png,x8,x4,37.32364037074732,0.01360874202624388,0.02320854365825653,0.022161826491355896,0.002107147825881839
LTE-EQ,urban100,img_008.png,x8,x4,40.09153422227375,0.009895170662062518,0.018180718645453453,0.018107932060956955,0.001519372803159058
LTE-NoCell,urban100,img_008.png,x8,x4,56.15879137759704,0.0015561821558580824,0.002768985228613019,0.003067550715059042,0.00018893921514973044
LTE-FeaturePhase,urban100,img_008.png,x8,x4,56.929974145618345,0.0014239714852273193,0.0024894275702536106,0.002765526296570897,0.0001902282383525744
SC-INR-Fixed,urban100,img_008.png,x8,x4,43.86050130983839,0.006411725699679209,0.011904226616024971,0.011694245971739292,0.0009400434209965169
SC-INR-Adaptive,urban100,img_008.png,x8,x4,42.590359335143276,0.007421334950506027,0.014411692507565022,0.013871881179511547,0.0008270393591374159
LIIF,urban100,img_008.png,x16,x4,43.68692003386812,0.0065411483421605665,0.011276138946413994,0.01085194107145071,0.0023558505345135927
LIIF-EQ,urban100,img_008.png,x16,x4,40.21301894786912,0.009757735746262569,0.016949715092778206,0.01674676686525345,0.002735796384513378
LTE,urban100,img_008.png,x16,x4,38.13695551652903,0.012392308721289458,0.02108149230480194,0.01968856155872345,0.0019642733968794346
LTE-EQ,urban100,img_008.png,x16,x4,41.261233999134426,0.008648450420306668,0.014938334003090858,0.015409653075039387,0.0015275109326466918
LTE-NoCell,urban100,img_008.png,x16,x4,72.4431685223295,0.00023869403930121063,0.0004214183136355132,0.000409582193242386,4.6159100747900084e-05
LTE-FeaturePhase,urban100,img_008.png,x16,x4,72.6977111309442,0.00023180054005143364,0.0004165451682638377,0.0004101837403140962,4.359039303380996e-05
SC-INR-Fixed,urban100,img_008.png,x16,x4,46.50054367088114,0.0047312164420442405,0.008373783901333809,0.0077722342684865,0.0008406418492086232
SC-INR-Adaptive,urban100,img_008.png,x16,x4,46.14420751528078,0.004929349644230503,0.009163884446024895,0.009017282165586948,0.0006607696996070445
LIIF,urban100,img_008.png,x30,x4,44.76246773115456,0.005779318289948346,0.010169410146772861,0.008329239673912525,0.0021504471078515053
LIIF-EQ,urban100,img_008.png,x30,x4,43.0188107652716,0.007064142668514796,0.012480460107326508,0.010461990721523762,0.0019886831287294626
LTE,urban100,img_008.png,x30,x4,40.195065420966785,0.009777925612326861,0.018156619742512703,0.015838999301195145,0.0015366995939984918
LTE-EQ,urban100,img_008.png,x30,x4,42.907333049600076,0.007155390623339486,0.012657593004405499,0.011839027516543865,0.0015617635799571872
LTE-NoCell,urban100,img_008.png,x30,x4,70.59305973010456,0.0002953568268112546,0.0006171804270707071,0.000520763685926795,4.418487151269801e-05
LTE-FeaturePhase,urban100,img_008.png,x30,x4,70.01744405512598,0.0003155933164355724,0.0006611219141632318,0.0005498463870026171,4.001112392870709e-05
SC-INR-Fixed,urban100,img_008.png,x30,x4,50.16879123573065,0.003101418964771747,0.005380787421017885,0.005159023683518171,0.00045330787543207407
SC-INR-Adaptive,urban100,img_008.png,x30,x4,49.79014980292788,0.003239608351315125,0.0055416119284927845,0.005813135765492916,0.0004392410919535905
LIIF,urban100,img_009.png,x8,x4,52.64279807485272,0.002332706482529093,0.00493979174643755,0.004975206218659878,0.0003274744376540184
LIIF-EQ,urban100,img_009.png,x8,x4,49.3340869847366,0.0034142526154170064,0.007071789354085922,0.007077616639435291,0.0005092981155030429
LTE,urban100,img_009.png,x8,x4,49.622868401879,0.003302604588129648,0.006853421684354544,0.006999956909567118,0.00036966748302802444
LTE-EQ,urban100,img_009.png,x8,x4,51.11469801980156,0.002781410558924804,0.005718287080526352,0.005699456669390202,0.0003070074017159641
LTE-NoCell,urban100,img_009.png,x8,x4,65.30466026419886,0.000542958938079613,0.0011349323904141784,0.0011522328713908792,8.562805305700749e-05
LTE-FeaturePhase,urban100,img_009.png,x8,x4,65.45977904077479,0.0005333484630977484,0.0010969663271680474,0.0011211554519832134,0.0001177144586108625
SC-INR-Fixed,urban100,img_009.png,x8,x4,53.078775893228844,0.0022185090533604324,0.004673582501709461,0.004757239017635584,0.0001354015403194353
SC-INR-Adaptive,urban100,img_009.png,x8,x4,52.765913715510784,0.0022998754332338354,0.00487235514447093,0.0050188456661999226,0.000132320579723455
LIIF,urban100,img_009.png,x16,x4,50.85868266796027,0.002864612393977991,0.005783217027783394,0.005554005037993193,0.0006690028239972889
LIIF-EQ,urban100,img_009.png,x16,x4,48.029420501872835,0.003967609988265784,0.007998100481927395,0.007824317552149296,0.0010009509278461337
LTE,urban100,img_009.png,x16,x4,47.314758701687595,0.004307864801711371,0.008757147938013077,0.00865398719906807,0.0006876970874145627
LTE-EQ,urban100,img_009.png,x16,x4,48.17571981866631,0.0039013418733476178,0.008057888597249985,0.007842681370675564,0.0005691851838491857
LTE-NoCell,urban100,img_009.png,x16,x4,75.04341253251765,0.00017694136503900175,0.00034894992131739855,0.0003412251826375723,5.533162402571179e-05
LTE-FeaturePhase,urban100,img_009.png,x16,x4,75.20441671390815,0.00017369173938561492,0.0003145818191114813,0.00031091898563317955,8.579812856623903e-05
SC-INR-Fixed,urban100,img_009.png,x16,x4,53.09187528685655,0.0022151657895500072,0.004591063130646944,0.004468141123652458,0.00014262496551964432
SC-INR-Adaptive,urban100,img_009.png,x16,x4,54.552717769779335,0.0018722511736849366,0.0038367551751434803,0.0038451848085969687,0.00013086569379083812
LIIF,urban100,img_009.png,x30,x4,49.67798608620978,0.003281713742366763,0.006288751028478146,0.005636400077491999,0.0009159716428257525
LIIF-EQ,urban100,img_009.png,x30,x4,48.299803917358844,0.0038460046424449983,0.007429750170558691,0.007008975837379694,0.001096790307201445
LTE,urban100,img_009.png,x30,x4,45.30860752925473,0.005427122487914166,0.010631066747009754,0.01003243401646614,0.0009113445994444191
LTE-EQ,urban100,img_009.png,x30,x4,45.80983865259698,0.005122807862047848,0.010106938891112804,0.009537676349282265,0.0007306127808988094
LTE-NoCell,urban100,img_009.png,x30,x4,73.20606219704958,0.00021862352385760677,0.00046488779480569065,0.00041667872574180365,3.717318031704053e-05
LTE-FeaturePhase,urban100,img_009.png,x30,x4,73.32818401688064,0.0002155712297224111,0.0004534487088676542,0.00040743823046796024,5.591245644609444e-05
SC-INR-Fixed,urban100,img_009.png,x30,x4,54.11368778967646,0.001969316911936524,0.0038403174839913845,0.003728400217369199,0.00018786962027661502
SC-INR-Adaptive,urban100,img_009.png,x30,x4,54.88534590909609,0.001801908378000713,0.0033034563530236483,0.0034609204158186913,0.00015695227193646133
LIIF,urban100,img_010.png,x8,x4,45.95667856044814,0.005036931816497864,0.010584854520857334,0.010182488709688187,0.000321475527016446
LIIF-EQ,urban100,img_010.png,x8,x4,44.2302315585501,0.006144526506938668,0.012731789611279964,0.012314733117818832,0.0006391638307832181
LTE,urban100,img_010.png,x8,x4,43.393535677696626,0.006765863256700024,0.013681886717677116,0.01335939671844244,0.0003620755742304027
LTE-EQ,urban100,img_010.png,x8,x4,45.053154167150495,0.005589105296703449,0.011277122423052788,0.011193327605724335,0.0004581035755109042
LTE-NoCell,urban100,img_010.png,x8,x4,59.33343561592095,0.0010797624472746784,0.002238751156255603,0.0022527717519551516,0.00013024212967138737
LTE-FeaturePhase,urban100,img_010.png,x8,x4,59.030987667972646,0.0011180226875803414,0.002300012158229947,0.002333366312086582,0.0001648192119318992
SC-INR-Fixed,urban100,img_010.png,x8,x4,46.829445960545186,0.004555412424608204,0.009483981877565384,0.009263426996767521,0.0001946373813552782
SC-INR-Adaptive,urban100,img_010.png,x8,x4,46.753974663725685,0.004595166655532933,0.009500817395746708,0.009337246417999268,0.00019139797950629145
LIIF,urban100,img_010.png,x16,x4,44.295262582058356,0.006098694387270906,0.012049110606312752,0.011505943723022938,0.0008790891733951867
LIIF-EQ,urban100,img_010.png,x16,x4,41.780725262680185,0.008146362599071115,0.016375822946429253,0.015970462933182716,0.0011676657013595104
LTE,urban100,img_010.png,x16,x4,40.47656204126618,0.009466117652742788,0.01839190535247326,0.018014291301369667,0.0007134475163184106
LTE-EQ,urban100,img_010.png,x16,x4,40.63763005153919,0.00929219890212702,0.018406957387924194,0.018967507407069206,0.0011297049932181835
LTE-NoCell,urban100,img_010.png,x16,x4,69.63130450602223,0.0003299398515770851,0.00067138735903427,0.0006724579143337905,6.846436008345336e-05
LTE-FeaturePhase,urban100,img_010.png,x16,x4,69.53250873784859,0.0003337141048942689,0.0006780617404729128,0.0006819880218245089,9.43634586292319e-05
SC-INR-Fixed,urban100,img_010.png,x16,x4,46.361152832822455,0.004807755333862799,0.00960640050470829,0.009505048394203186,0.0002589212672319263
SC-INR-Adaptive,urban100,img_010.png,x16,x4,46.09571127082905,0.004956948838002614,0.00975758396089077,0.010045565664768219,0.00024796786601655185
LIIF,urban100,img_010.png,x30,x4,45.60823171673165,0.005243103298359859,0.009339075535535812,0.008391957730054855,0.0017806999385356903
LIIF-EQ,urban100,img_010.png,x30,x4,42.98767129634186,0.007089513521904316,0.013196590356528759,0.011839257553219795,0.0014814619207754731
LTE,urban100,img_010.png,x30,x4,41.287483190403094,0.008622353824686853,0.01662365160882473,0.015974437817931175,0.001504492829553783
LTE-EQ,urban100,img_010.png,x30,x4,41.71868254052741,0.008204759831527188,0.015919560566544533,0.01584467664361,0.0013552465243265033
LTE-NoCell,urban100,img_010.png,x30,x4,70.73197662566137,0.0002906706412439264,0.0006184078520163894,0.0005594163667410612,3.516959259286523e-05
LTE-FeaturePhase,urban100,img_010.png,x30,x4,70.89458418678237,0.0002852796484566962,0.000602719490416348,0.0005444721318781376,4.3949119572062045e-05
SC-INR-Fixed,urban100,img_010.png,x30,x4,50.02945134304554,0.0031515734476749873,0.005933946929872036,0.005804094020277262,0.00048032880295068026
SC-INR-Adaptive,urban100,img_010.png,x30,x4,49.12266452145425,0.0034983783278400263,0.006588652264326811,0.006716570351272821,0.00045355127076618373
