model,dataset,split,psnr_y,ssim_y,rmse_y,edge_rmse,texture_rmse,flat_rmse,highpass_rmse,psnr_y_lte,ssim_y_lte,rmse_y_lte,edge_rmse_lte,texture_rmse_lte,flat_rmse_lte,highpass_rmse_lte,delta_psnr_y_vs_lte,delta_ssim_y_vs_lte,delta_rmse_y_vs_lte,delta_edge_rmse_vs_lte,delta_texture_rmse_vs_lte,delta_flat_rmse_vs_lte,delta_highpass_rmse_vs_lte
LIIF,bsd100,x4,27.660563681631352,0.8190913660099872,0.0438474047587263,0.0749493427574634,0.0786884788423776,0.0081412497296696,0.1254697073251009,27.668294135499377,0.8194916117270985,0.0438254021911017,0.0748875677585601,0.0785708140581846,0.0081351451168302,0.1253246579319238,-0.007730453868024512,-0.00040024571711128054,2.2002567624593294e-05,6.177499890329397e-05,0.00011766478419300563,6.104612839400586e-06,0.00014504939317711019
LIIF,bsd100,x8-x30,22.814355251745024,0.5306828938811091,0.0759418097830984,0.11788552838067207,0.13298442239562666,0.023498529594507933,0.13397543852527935,22.806515137303563,0.530200647326736,0.07606555756457613,0.11824257075786589,0.1333909130344788,0.023389711923664364,0.133919229482611,0.0078401144414606,0.00048224655437312247,-0.00012374778147772325,-0.0003570423771938197,-0.0004064906388521472,0.00010881767084356883,5.620904266834259e-05
LIIF,urban100,x4,26.45899855066491,0.8523924837895954,0.0514170948767002,0.0883393872529268,0.0924641333520412,0.0086478992598131,0.1615024827420711,26.56863991024377,0.8558878789824027,0.0508248766522505,0.0871856462210416,0.0909966640174388,0.0086093471152707,0.1601581059396267,-0.10964135957886256,-0.0034953951928072824,0.0005922182244497004,0.0011537410318852026,0.0014674693346024004,3.855214454239961e-05,0.001344376802444397
LIIF,urban100,x8-x30,20.532462211417496,0.5056331566762996,0.1012737496615484,0.1554719840486844,0.17505424991250032,0.0342136819614097,0.1802550334483385,20.51184385495301,0.5049598642126768,0.10142623120847283,0.15567205945650733,0.1753609582781791,0.0341076509483779,0.1802093575398127,0.020618356464485288,0.0006732924636227988,-0.00015248154692443228,-0.0002000754078229361,-0.0003067083656787817,0.00010603101303179735,4.567590852577741e-05
LIIF-EQ,bsd100,x4,27.69604153555047,0.8205887584276759,0.0437237918157452,0.0747230187058448,0.0783812399953603,0.0081455664272652,0.1253592830151319,27.668294135499377,0.8194916117270985,0.0438254021911017,0.0748875677585601,0.0785708140581846,0.0081351451168302,0.1253246579319238,0.027747400051094218,0.0010971467005773672,-0.0001016103753565048,-0.0001645490527153043,-0.00018957406282429923,1.0421310435000664e-05,3.462508320811741e-05
LIIF-EQ,bsd100,x8-x30,22.849187020649254,0.5320707304813685,0.07572173029161013,0.1175685615589221,0.13254370676974453,0.02346492399616783,0.13392221045990782,22.806515137303563,0.530200647326736,0.07606555756457613,0.11824257075786589,0.1333909130344788,0.023389711923664364,0.133919229482611,0.042671883345690276,0.0018700831546325514,-0.0003438272729660019,-0.0006740091989437813,-0.0008472062647342793,7.521207250346662e-05,2.9809772968125703e-06
LIIF-EQ,urban100,x4,26.628574900741103,0.8575767334868656,0.050515953148128,0.0865062210708856,0.0903638880699873,0.0085769736673682,0.1598737943917512,26.56863991024377,0.8558878789824027,0.0508248766522505,0.0871856462210416,0.0909966640174388,0.0086093471152707,0.1601581059396267,0.05993499049733231,0.0016888545044628778,-0.0003089235041225033,-0.0006794251501559961,-0.0006327759474515082,-3.237344790250028e-05,-0.0002843115478755043
LIIF-EQ,urban100,x8-x30,20.57365566194032,0.5097806789896953,0.10092405185822047,0.15511803428332008,0.17451972216367717,0.03433007049219056,0.1802029963582754,20.51184385495301,0.5049598642126768,0.10142623120847283,0.15567205945650733,0.1753609582781791,0.0341076509483779,0.1802093575398127,0.06181180698731126,0.004820814777018456,-0.0005021793502523603,-0.0005540251731872559,-0.0008412361145019309,0.00022241954381266305,-6.361181537295479e-06
LTE,bsd100,x4,27.668294135499377,0.8194916117270985,0.0438254021911017,0.0748875677585601,0.0785708140581846,0.0081351451168302,0.1253246579319238,27.668294135499377,0.8194916117270985,0.0438254021911017,0.0748875677585601,0.0785708140581846,0.0081351451168302,0.1253246579319238,0.0,0.0,0.0,0.0,0.0,0.0,0.0
LTE,bsd100,x8-x30,22.806515137303563,0.530200647326736,0.07606555756457613,0.11824257075786589,0.1333909130344788,0.023389711923664364,0.133919229482611,22.806515137303563,0.530200647326736,0.07606555756457613,0.11824257075786589,0.1333909130344788,0.023389711923664364,0.133919229482611,0.0,0.0,0.0,0.0,0.0,0.0,0.0
LTE,urban100,x4,26.56863991024377,0.8558878789824027,0.0508248766522505,0.0871856462210416,0.0909966640174388,0.0086093471152707,0.1601581059396267,26.56863991024377,0.8558878789824027,0.0508248766522505,0.0871856462210416,0.0909966640174388,0.0086093471152707,0.1601581059396267,0.0,0.0,0.0,0.0,0.0,0.0,0.0
LTE,urban100,x8-x30,20.51184385495301,0.5049598642126768,0.10142623120847283,0.15567205945650733,0.1753609582781791,0.0341076509483779,0.1802093575398127,20.51184385495301,0.5049598642126768,0.10142623120847283,0.15567205945650733,0.1753609582781791,0.0341076509483779,0.1802093575398127,0.0,0.0,0.0,0.0,0.0,0.0,0.0
LTE-EQ,bsd100,x4,27.66958743739932,0.8190363545666697,0.0438305869555903,0.0749322902411222,0.0786306846886873,0.0081346384235075,0.1254402160644531,27.668294135499377,0.8194916117270985,0.0438254021911017,0.0748875677585601,0.0785708140581846,0.0081351451168302,0.1253246579319238,0.0012933018999419232,-0.0004552571604288236,5.184764488595783e-06,4.472248256209843e-05,5.9870630502695255e-05,-5.066933227004106e-07,0.00011555813252930869
LTE-EQ,bsd100,x8-x30,22.801320143687335,0.5289359293466672,0.07601349579978957,0.11769817086557544,0.13310992494225501,0.02409966254296397,0.1339574518303076,22.806515137303563,0.530200647326736,0.07606555756457613,0.11824257075786589,0.1333909130344788,0.023389711923664364,0.133919229482611,-0.005194993616228771,-0.0012647179800687747,-5.206176478655955e-05,-0.0005443998922904508,-0.00028098809222379395,0.0007099506192996055,3.822234769659816e-05
LTE-EQ,urban100,x4,26.547483935628502,0.8543382714248098,0.0510513215473264,0.0875180635601282,0.0915666539222002,0.0086043035378679,0.1608013696968555,26.56863991024377,0.8558878789824027,0.0508248766522505,0.0871856462210416,0.0909966640174388,0.0086093471152707,0.1601581059396267,-0.021155974615268747,-0.0015496075575929247,0.00022644489507590154,0.00033241733908660753,0.0005699899047613977,-5.043577402800634e-06,0.0006432637572287847
LTE-EQ,urban100,x8-x30,20.54693219647318,0.5026402630990993,0.1010783734495286,0.15446046963334079,0.17435016309221582,0.035033154394477566,0.18024234411617115,20.51184385495301,0.5049598642126768,0.10142623120847283,0.15567205945650733,0.1753609582781791,0.0341076509483779,0.1802093575398127,0.0350883415201686,-0.0023196011135775407,-0.0003478577589442339,-0.0012115898231665478,-0.0010107951859632813,0.0009255034460996653,3.298657635844582e-05
LTE-NoCell,bsd100,x4,27.59944654012552,0.8177575288234902,0.0441050890136632,0.075466126576066,0.0793953731656074,0.0081425967175164,0.1263091135770082,27.668294135499377,0.8194916117270985,0.0438254021911017,0.0748875677585601,0.0785708140581846,0.0081351451168302,0.1253246579319238,-0.06884759537385676,-0.001734082903608325,0.0002796868225614993,0.0005785588175058892,0.0008245591074227954,7.4516006862007655e-06,0.0009844556450843978
LTE-NoCell,bsd100,x8-x30,22.814744710758003,0.5299639045739996,0.07589748111523094,0.11725641402105484,0.13272175999979174,0.024155195228134533,0.13406045436859126,22.806515137303563,0.530200647326736,0.07606555756457613,0.11824257075786589,0.1333909130344788,0.023389711923664364,0.133919229482611,0.008229573454439532,-0.00023674275273644074,-0.00016807644934518917,-0.0009861567368110447,-0.0006691530346870644,0.0007654833044701687,0.00014122488598025673
LTE-NoCell,urban100,x4,26.389516661516904,0.849819857934491,0.0518944380241669,0.0891899593174457,0.0935931168496608,0.0086630834732204,0.1628333069384098,26.56863991024377,0.8558878789824027,0.0508248766522505,0.0871856462210416,0.0909966640174388,0.0086093471152707,0.1601581059396267,-0.17912324872686725,-0.006068021047911709,0.001069561371916397,0.0020043130964041006,0.0025964528322219987,5.3736357949699803e-05,0.0026752009987831005
LTE-NoCell,urban100,x8-x30,20.545018700527283,0.5024657358296609,0.10102698784595127,0.15449618225296333,0.1745912904540697,0.03470387336953227,0.18026876846949258,20.51184385495301,0.5049598642126768,0.10142623120847283,0.15567205945650733,0.1753609582781791,0.0341076509483779,0.1802093575398127,0.03317484557427264,-0.002494128383015881,-0.0003992433625215619,-0.0011758772035440068,-0.0007696678241093935,0.0005962224211543687,5.9410929679870605e-05
LTE-FeaturePhase,bsd100,x4,27.61747318406989,0.8179292537800766,0.0440228580689248,0.0753194913268089,0.0792038328945636,0.0081374673201935,0.1261164586991071,27.668294135499377,0.8194916117270985,0.0438254021911017,0.0748875677585601,0.0785708140581846,0.0081351451168302,0.1253246579319238,-0.05082095142948617,-0.001562357947021864,0.0001974558778230981,0.00043192356824879596,0.0006330188363790068,2.32220336330094e-06,0.0007918007671832983
LTE-FeaturePhase,bsd100,x8-x30,22.81972040793723,0.5302292675539602,0.07582219284555718,0.1171646118164062,0.13264348097145554,0.023860290502974103,0.1340437814593315,22.806515137303563,0.530200647326736,0.07606555756457613,0.11824257075786589,0.1333909130344788,0.023389711923664364,0.133919229482611,0.013205270633665833,2.862022722416313e-05,-0.0002433647190189514,-0.0010779589414596918,-0.0007474320630232734,0.00047057857930973834,0.0001245519767204828
LTE-FeaturePhase,urban100,x4,26.425118426496788,0.850196644105812,0.0516058766921793,0.0886924862861633,0.0930359963327646,0.0086218566866591,0.1623429577797651,26.56863991024377,0.8558878789824027,0.0508248766522505,0.0871856462210416,0.0909966640174388,0.0086093471152707,0.1601581059396267,-0.1435214837469836,-0.005691234876590734,0.0007810000399288003,0.001506840065121709,0.002039332315325798,1.2509571388399227e-05,0.002184851840138391
LTE-FeaturePhase,urban100,x8-x30,20.56632353657641,0.5035676123603224,0.10078158072758144,0.1541998167832692,0.17422798921664553,0.034672980212295965,0.18023865967988964,20.51184385495301,0.5049598642126768,0.10142623120847283,0.15567205945650733,0.1753609582781791,0.0341076509483779,0.1802093575398127,0.054479681623398335,-0.0013922518523543648,-0.0006446504808913928,-0.0014722426732381444,-0.0011329690615335675,0.0005653292639180643,2.9302140076931105e-05
SC-INR-Fixed,bsd100,x4,27.65251450828339,0.8190321537358086,0.0439233132618475,0.0750854510813951,0.0787737026810646,0.0081286416680086,0.1255594696849584,27.668294135499377,0.8194916117270985,0.0438254021911017,0.0748875677585601,0.0785708140581846,0.0081351451168302,0.1253246579319238,-0.0157796272159878,-0.00045945799128987996,9.791107074579725e-05,0.00019788332283499077,0.00020288862287999587,-6.503448821599395e-06,0.00023481175303460833
SC-INR-Fixed,bsd100,x8-x30,22.822777470179517,0.531063502562449,0.0759332947127216,0.11781477903326347,0.13288956731557844,0.023579443082174568,0.13393849122027549,22.806515137303563,0.530200647326736,0.07606555756457613,0.11824257075786589,0.1333909130344788,0.023389711923664364,0.133919229482611,0.01626233287595369,0.0008628552357130559,-0.00013226285185452547,-0.00042779172460241655,-0.00050134571890037,0.0001897311585102035,1.9261737664477696e-05
SC-INR-Fixed,urban100,x4,26.46358341456248,0.8530661922392643,0.0513870905852611,0.0880755692720413,0.0920753773301839,0.0086409093579277,0.1611562717705965,26.56863991024377,0.8558878789824027,0.0508248766522505,0.0871856462210416,0.0909966640174388,0.0086093471152707,0.1601581059396267,-0.10505649568129272,-0.0028216867431384296,0.0005622139330105982,0.0008899230509997053,0.0010787133127450887,3.1562242656999265e-05,0.0009981658309697883
SC-INR-Fixed,urban100,x8-x30,20.531300380588092,0.505332175470933,0.10113278878067379,0.15545474986235297,0.17485793381929393,0.0339465747354552,0.18029652933279672,20.51184385495301,0.5049598642126768,0.10142623120847283,0.15567205945650733,0.1753609582781791,0.0341076509483779,0.1802093575398127,0.019456525635082045,0.00037231125825620826,-0.0002934424277990372,-0.00021730959415436346,-0.0005030244588851707,-0.00016107621292270335,8.717179298400879e-05
SC-INR-Adaptive,bsd100,x4,27.67210643734468,0.8195875107014146,0.04380177725939,0.0748713620007038,0.0786297749727964,0.0081139135392732,0.1254820462316274,27.668294135499377,0.8194916117270985,0.0438254021911017,0.0748875677585601,0.0785708140581846,0.0081351451168302,0.1253246579319238,0.0038123018453042334,9.589897431605543e-05,-2.3624931711700714e-05,-1.6205757856310732e-05,5.896091461179975e-05,-2.1231577557000517e-05,0.00015738829970360357
SC-INR-Adaptive,bsd100,x8-x30,22.862448487511553,0.5321075315413625,0.07557151190521123,0.11737508401274677,0.13243952766060826,0.02323399707869,0.13394355252385137,22.806515137303563,0.530200647326736,0.07606555756457613,0.11824257075786589,0.1333909130344788,0.023389711923664364,0.133919229482611,0.05593335020799017,0.0019068842146264808,-0.0004940456593648945,-0.0008674867451191198,-0.0009513853738705447,-0.00015571484497436255,2.4323041240364995e-05
SC-INR-Adaptive,urban100,x4,26.599896397335577,0.854650155594069,0.0507263502593655,0.0868813686072826,0.0908819928765296,0.0085983784403651,0.1596186466515064,26.56863991024377,0.8558878789824027,0.0508248766522505,0.0871856462210416,0.0909966640174388,0.0086093471152707,0.1601581059396267,0.03125648709180595,-0.0012377233883337224,-9.852639288500387e-05,-0.00030427761375899365,-0.0001146711409092116,-1.0968674905600245e-05,-0.0005394592881202975
SC-INR-Adaptive,urban100,x8-x30,20.564093583485693,0.5059731152414608,0.1008682463041019,0.154754793147246,0.17442066942652065,0.034336787043139264,0.18017302838464574,20.51184385495301,0.5049598642126768,0.10142623120847283,0.15567205945650733,0.1753609582781791,0.0341076509483779,0.1802093575398127,0.05224972853268284,0.0010132510287840235,-0.0005579849043709229,-0.0009172663092613387,-0.0009402888516584496,0.00022913609476136326,-3.632915516696422e-05
