model,dataset,image,base_scale,cell_multiplier,oracle_psnr_y,oracle_rmse_y,delta_tracking_rmse_y,cell_sensitivity_rmse_y,oracle_change_rmse_y,weak_oracle,valid_shave
LTE,bsd100,101085.png,x4,1,24.0695213414414,0.06259273563273465,0.0,0.0,0.0,False,4
LTE,bsd100,101085.png,x4,2,29.93979629969492,0.03184272197969941,0.04055213928222656,0.009932155720889568,0.04164779186248779,False,4
LTE,bsd100,101085.png,x4,4,31.865637929016223,0.025510449059632817,0.06148947402834892,0.029811322689056396,0.0624304860830307,False,4
LTE-NoCellPhase,bsd100,101085.png,x4,1,23.96996882820583,0.06331426339197978,0.0,0.0,0.0,False,4
LTE-NoCellPhase,bsd100,101085.png,x4,2,29.933198521106043,0.03186691881509827,0.04164779186248779,0.0,0.04164779186248779,False,4
LTE-NoCellPhase,bsd100,101085.png,x4,4,32.3713030148993,0.024067714398267482,0.0624304860830307,0.0,0.0624304860830307,False,4
SC-INR-NoPhi,bsd100,101085.png,x4,1,24.028379078384198,0.06288992055060076,0.0,0.0,0.0,False,4
SC-INR-NoPhi,bsd100,101085.png,x4,2,29.921414550649086,0.03191018135816035,0.040658097714185715,0.009029422886669636,0.04164779186248779,False,4
SC-INR-NoPhi,bsd100,101085.png,x4,4,32.82593494405664,0.0228403761985791,0.06064192205667496,0.025596220046281815,0.0624304860830307,False,4
SC-INR,bsd100,101085.png,x4,1,24.070917333876615,0.06258267656363485,0.0,0.0,0.0,False,4
SC-INR,bsd100,101085.png,x4,2,29.967295086642743,0.031742070045272665,0.0404885932803154,0.008783494122326374,0.04164779186248779,False,4
SC-INR,bsd100,101085.png,x4,4,32.287527327973606,0.0243009713604985,0.06084136292338371,0.02682879939675331,0.0624304860830307,False,4
SC-INR-NoSinc,bsd100,101085.png,x4,1,24.008781025739083,0.06303197986112132,0.0,0.0,0.0,False,4
SC-INR-NoSinc,bsd100,101085.png,x4,2,29.900804862499662,0.031985987035042976,0.04164779186248779,0.0,0.04164779186248779,False,4
SC-INR-NoSinc,bsd100,101085.png,x4,4,31.988209539003147,0.02515298449197371,0.0624304860830307,0.0,0.0624304860830307,False,4
LTE,bsd100,101087.png,x4,1,28.75713469642328,0.03648742919029531,0.0,0.0,0.0,False,4
LTE,bsd100,101087.png,x4,2,34.19792337255203,0.019503108254474235,0.02324727363884449,0.007687079254537821,0.02427739091217518,False,4
LTE,bsd100,101087.png,x4,4,35.66359140528567,0.016474810571069472,0.036152809858322144,0.022052070125937462,0.038037627935409546,False,4
LTE-NoCellPhase,bsd100,101087.png,x4,1,28.693625632806146,0.036755193914507746,0.0,0.0,0.0,False,4
LTE-NoCellPhase,bsd100,101087.png,x4,2,33.79376695371833,0.020432036338438753,0.02427739091217518,0.0,0.02427739091217518,False,4
LTE-NoCellPhase,bsd100,101087.png,x4,4,34.07603145780189,0.01977873114640096,0.038037627935409546,0.0,0.038037627935409546,False,4
SC-INR-NoPhi,bsd100,101087.png,x4,1,28.778675927036446,0.03639705153940194,0.0,0.0,0.0,False,4
SC-INR-NoPhi,bsd100,101087.png,x4,2,34.25764991705965,0.019369459595419032,0.02320636436343193,0.007195283193141222,0.02427739091217518,False,4
SC-INR-NoPhi,bsd100,101087.png,x4,4,36.44178379891669,0.015062976899198843,0.03547242283821106,0.019183190539479256,0.038037627935409546,False,4
SC-INR,bsd100,101087.png,x4,1,28.767708652533575,0.03644303745322016,0.0,0.0,0.0,False,4
SC-INR,bsd100,101087.png,x4,2,34.271087003458746,0.01933951817337474,0.02326166443526745,0.006664834450930357,0.02427739091217518,False,4
SC-INR,bsd100,101087.png,x4,4,36.05446659254957,0.015749859008484402,0.03575952351093292,0.01936783827841282,0.038037627935409546,False,4
SC-INR-NoSinc,bsd100,101087.png,x4,1,28.756021765794433,0.03649210465600866,0.0,0.0,0.0,False,4
SC-INR-NoSinc,bsd100,101087.png,x4,2,33.85404037119261,0.020290744460413863,0.02427739091217518,0.0,0.02427739091217518,False,4
SC-INR-NoSinc,bsd100,101087.png,x4,4,34.00810084100395,0.01993402313461994,0.038037627935409546,0.0,0.038037627935409546,False,4
LTE,bsd100,102061.png,x4,1,26.659550458489445,0.04645393170090309,0.0,0.0,0.0,False,4
LTE,bsd100,102061.png,x4,2,32.60312241891435,0.023433862592649648,0.030539026483893394,0.010639535263180733,0.03192896023392677,False,4
LTE,bsd100,102061.png,x4,4,34.16513111421456,0.01957687844676198,0.04635574296116829,0.0283455029129982,0.04925534874200821,False,4
LTE-NoCellPhase,bsd100,102061.png,x4,1,26.513599508167623,0.04724110250928792,0.0,0.0,0.0,False,4
LTE-NoCellPhase,bsd100,102061.png,x4,2,32.25846662556792,0.024382412183516406,0.03192896023392677,0.0,0.03192896023392677,False,4
LTE-NoCellPhase,bsd100,102061.png,x4,4,33.040443979636066,0.02228321245619426,0.04925534874200821,0.0,0.04925534874200821,False,4
SC-INR-NoPhi,bsd100,102061.png,x4,1,26.599970246957287,0.04677367434912385,0.0,0.0,0.0,False,4
SC-INR-NoPhi,bsd100,102061.png,x4,2,32.58025147609758,0.023495647946628923,0.030757974833250046,0.00990237481892109,0.03192896023392677,False,4
SC-INR-NoPhi,bsd100,102061.png,x4,4,35.20024280031411,0.01737752251953284,0.04582821577787399,0.0248324703425169,0.04925534874200821,False,4
SC-INR,bsd100,102061.png,x4,1,26.676575736473353,0.04636296617820465,0.0,0.0,0.0,False,4
SC-INR,bsd100,102061.png,x4,2,32.64723802003242,0.02331514383310571,0.030475495383143425,0.009891672991216183,0.03192896023392677,False,4
SC-INR,bsd100,102061.png,x4,4,34.7807357414657,0.01823741215108644,0.04577372595667839,0.025562845170497894,0.04925534874200821,False,4
SC-INR-NoSinc,bsd100,102061.png,x4,1,26.593568538181135,0.04680816037476342,0.0,0.0,0.0,False,4
SC-INR-NoSinc,bsd100,102061.png,x4,2,32.27380448408071,0.024339394828967666,0.03192896023392677,0.0,0.03192896023392677,False,4
SC-INR-NoSinc,bsd100,102061.png,x4,4,32.703460718539354,0.023164715144578865,0.04925534874200821,0.0,0.04925534874200821,False,4
LTE,bsd100,103070.png,x4,1,30.71034428477734,0.029139546313340665,0.0,0.0,0.0,False,4
LTE,bsd100,103070.png,x4,2,35.78511852717182,0.01624591114711341,0.01736806519329548,0.003671065205708146,0.01788986846804619,False,4
LTE,bsd100,103070.png,x4,4,35.769932797388805,0.016274339070277536,0.02946184203028679,0.01597558706998825,0.029000425711274147,False,4
LTE-NoCellPhase,bsd100,103070.png,x4,1,30.57113883403741,0.029610317098543965,0.0,0.0,0.0,False,4
LTE-NoCellPhase,bsd100,103070.png,x4,2,35.77175190186965,0.016270931057456157,0.01788986846804619,0.0,0.01788986846804619,False,4
LTE-NoCellPhase,bsd100,103070.png,x4,4,37.848640813972054,0.012810555410811216,0.029000425711274147,0.0,0.029000425711274147,False,4
SC-INR-NoPhi,bsd100,103070.png,x4,1,30.661200817101,0.029304880796764684,0.0,0.0,0.0,False,4
SC-INR-NoPhi,bsd100,103070.png,x4,2,35.73432983172264,0.016341183559151273,0.017389683052897453,0.0035084823612123728,0.01788986846804619,False,4
SC-INR-NoPhi,bsd100,103070.png,x4,4,36.86064623230995,0.01435382636562206,0.028642674908041954,0.013581869192421436,0.029000425711274147,False,4
SC-INR,bsd100,103070.png,x4,1,30.676662690454854,0.02925276117271516,0.0,0.0,0.0,False,4
SC-INR,bsd100,103070.png,x4,2,35.71153013170439,0.016384134081659115,0.01736687682569027,0.0035770025569945574,0.01788986846804619,False,4
SC-INR,bsd100,103070.png,x4,4,36.247126971808314,0.015404359711815967,0.029111390933394432,0.014861013740301132,0.029000425711274147,False,4
SC-INR-NoSinc,bsd100,103070.png,x4,1,30.637772413577093,0.029384031392778405,0.0,0.0,0.0,False,4
SC-INR-NoSinc,bsd100,103070.png,x4,2,35.77783957887966,0.016259531249971863,0.01788986846804619,0.0,0.01788986846804619,False,4
SC-INR-NoSinc,bsd100,103070.png,x4,4,37.487913357260794,0.013353783538120419,0.029000425711274147,0.0,0.029000425711274147,False,4
LTE,bsd100,105025.png,x4,1,26.237191519399985,0.04876861522136628,0.0,0.0,0.0,False,4
LTE,bsd100,105025.png,x4,2,31.584190177854772,0.02635059894504473,0.02954995073378086,0.0043803006410598755,0.029772132635116577,False,4
LTE,bsd100,105025.png,x4,4,32.9490153717655,0.022519006766442348,0.047646693885326385,0.021046558395028114,0.046544045209884644,False,4
LTE-NoCellPhase,bsd100,105025.png,x4,1,26.21670806442117,0.04888375927528135,0.0,0.0,0.0,False,4
LTE-NoCellPhase,bsd100,105025.png,x4,2,31.593503571370114,0.026322359814340536,0.029772132635116577,0.0,0.029772132635116577,False,4
LTE-NoCellPhase,bsd100,105025.png,x4,4,34.45212464016477,0.018940601549698916,0.046544045209884644,0.0,0.046544045209884644,False,4
SC-INR-NoPhi,bsd100,105025.png,x4,1,26.24207713011146,0.04874119172391371,0.0,0.0,0.0,False,4
SC-INR-NoPhi,bsd100,105025.png,x4,2,31.596062656134546,0.02631460571768622,0.029558198526501656,0.004472722765058279,0.029772132635116577,False,4
SC-INR-NoPhi,bsd100,105025.png,x4,4,34.055171540969305,0.019826288567386482,0.04650433734059334,0.01817067712545395,0.046544045209884644,False,4
SC-INR,bsd100,105025.png,x4,1,26.246396867770518,0.048716957382600255,0.0,0.0,0.0,False,4
SC-INR,bsd100,105025.png,x4,2,31.612379203077083,0.0262652198185409,0.029535362496972084,0.00412282207980752,0.029772132635116577,False,4
SC-INR,bsd100,105025.png,x4,4,33.33488165040287,0.0215405068207727,0.047146689146757126,0.0193235594779253,0.046544045209884644,False,4
SC-INR-NoSinc,bsd100,105025.png,x4,1,26.25056908288041,0.04869356210299269,0.0,0.0,0.0,False,4
SC-INR-NoSinc,bsd100,105025.png,x4,2,31.580048322304414,0.02636316719135069,0.029772132635116577,0.0,0.029772132635116577,False,4
SC-INR-NoSinc,bsd100,105025.png,x4,4,34.12957122017383,0.01965719016104597,0.046544045209884644,0.0,0.046544045209884644,False,4
LTE,bsd100,106024.png,x4,1,34.07608541591794,0.019778608278185936,0.0,0.0,0.0,False,4
LTE,bsd100,106024.png,x4,2,39.07049300403874,0.011129492209154865,0.01205283123999834,0.005407224874943495,0.013696249574422836,False,4
LTE,bsd100,106024.png,x4,4,38.787706398841195,0.011497798148758863,0.020512176677584648,0.015314740128815174,0.022583233192563057,False,4
LTE-NoCellPhase,bsd100,106024.png,x4,1,33.88270850992141,0.02022388441526221,0.0,0.0,0.0,False,4
LTE-NoCellPhase,bsd100,106024.png,x4,2,39.04076573032274,0.0111676479173347,0.013696249574422836,0.0,0.013696249574422836,False,4
LTE-NoCellPhase,bsd100,106024.png,x4,4,38.427362031581765,0.011984830560210198,0.022583233192563057,0.0,0.022583233192563057,False,4
SC-INR-NoPhi,bsd100,106024.png,x4,1,34.08123228813768,0.01976689182550089,0.0,0.0,0.0,False,4
SC-INR-NoPhi,bsd100,106024.png,x4,2,39.1510597098958,0.01102673695470641,0.01214683149009943,0.005157599691301584,0.013696249574422836,False,4
SC-INR-NoPhi,bsd100,106024.png,x4,4,39.82656042264843,0.010201686627536193,0.01983966864645481,0.013313738629221916,0.022583233192563057,False,4
SC-INR,bsd100,106024.png,x4,1,34.12061638234765,0.019677466462869622,0.0,0.0,0.0,False,4
SC-INR,bsd100,106024.png,x4,2,39.134714661969305,0.011047506529053194,0.012013748288154602,0.005468416027724743,0.013696249574422836,False,4
SC-INR,bsd100,106024.png,x4,4,39.39715965338846,0.010718697568354914,0.020035088062286377,0.014175924472510815,0.022583233192563057,False,4
SC-INR-NoSinc,bsd100,106024.png,x4,1,33.97140319992333,0.02001842199136709,0.0,0.0,0.0,False,4
SC-INR-NoSinc,bsd100,106024.png,x4,2,39.04849930966144,0.011157709101878752,0.013696249574422836,0.0,0.013696249574422836,False,4
SC-INR-NoSinc,bsd100,106024.png,x4,4,38.22352707402574,0.012269409068257395,0.022583233192563057,0.0,0.022583233192563057,False,4
LTE,bsd100,108005.png,x4,1,26.27572893372605,0.04855271871722966,0.0,0.0,0.0,False,4
LTE,bsd100,108005.png,x4,2,30.73521701304619,0.029056222289547677,0.02700609341263771,0.007508902344852686,0.027141984552145004,False,4
LTE,bsd100,108005.png,x4,4,31.454646480025616,0.026746544153341385,0.04774549975991249,0.029654840007424355,0.04662829264998436,False,4
LTE-NoCellPhase,bsd100,108005.png,x4,1,26.325170198719565,0.048277135113480515,0.0,0.0,0.0,False,4
LTE-NoCellPhase,bsd100,108005.png,x4,2,30.868384023402005,0.02861414666380623,0.027141984552145004,0.0,0.027141984552145004,False,4
LTE-NoCellPhase,bsd100,108005.png,x4,4,32.56751754898811,0.02353011894531575,0.04662829264998436,0.0,0.04662829264998436,False,4
SC-INR-NoPhi,bsd100,108005.png,x4,1,26.323929559604295,0.04828403121536253,0.0,0.0,0.0,False,4
SC-INR-NoPhi,bsd100,108005.png,x4,2,30.827137697658678,0.028750348613791922,0.02678673341870308,0.0070007918402552605,0.027141984552145004,False,4
SC-INR-NoPhi,bsd100,108005.png,x4,4,32.608267439293925,0.02341998583344535,0.045779190957546234,0.02511877380311489,0.04662829264998436,False,4
SC-INR,bsd100,108005.png,x4,1,26.33038084727825,0.0482481824377818,0.0,0.0,0.0,False,4
SC-INR,bsd100,108005.png,x4,2,30.825259703930577,0.02875656545674218,0.0267485324293375,0.007277971133589745,0.027141984552145004,False,4
SC-INR,bsd100,108005.png,x4,4,31.890955381195567,0.025436199990649888,0.046792350709438324,0.027567824348807335,0.04662829264998436,False,4
SC-INR-NoSinc,bsd100,108005.png,x4,1,26.35801781755329,0.04809490919668127,0.0,0.0,0.0,False,4
SC-INR-NoSinc,bsd100,108005.png,x4,2,30.748297253048406,0.02901249892336444,0.027141984552145004,0.0,0.027141984552145004,False,4
SC-INR-NoSinc,bsd100,108005.png,x4,4,32.02533092183864,0.02504571612771386,0.04662829264998436,0.0,0.04662829264998436,False,4
LTE,bsd100,108070.png,x4,1,23.088452695340354,0.07007730074730543,0.0,0.0,0.0,False,4
LTE,bsd100,108070.png,x4,2,28.659404667347353,0.036900288923694104,0.043297670781612396,0.0088011110201478,0.0433751605451107,False,4
LTE,bsd100,108070.png,x4,4,31.026505783669137,0.02809795488291388,0.06762461364269257,0.028674915432929993,0.06663354486227036,False,4
LTE-NoCellPhase,bsd100,108070.png,x4,1,23.109414638297086,0.06990838480125325,0.0,0.0,0.0,False,4
LTE-NoCellPhase,bsd100,108070.png,x4,2,28.66711058208771,0.036867566382309806,0.0433751605451107,0.0,0.0433751605451107,False,4
LTE-NoCellPhase,bsd100,108070.png,x4,4,31.711397095059134,0.02596750029622206,0.06663354486227036,0.0,0.06663354486227036,False,4
SC-INR-NoPhi,bsd100,108070.png,x4,1,23.124977563449857,0.06978323874306773,0.0,0.0,0.0,False,4
SC-INR-NoPhi,bsd100,108070.png,x4,2,28.722223647047365,0.03663437761340351,0.043033696711063385,0.006937363184988499,0.0433751605451107,False,4
SC-INR-NoPhi,bsd100,108070.png,x4,4,32.007164163299265,0.025098154697589446,0.06621629744768143,0.02388688735663891,0.06663354486227036,False,4
SC-INR,bsd100,108070.png,x4,1,23.08517754890839,0.07010372943881171,0.0,0.0,0.0,False,4
SC-INR,bsd100,108070.png,x4,2,28.64278776591349,0.03697095012103662,0.04319621995091438,0.0080778943374753,0.0433751605451107,False,4
SC-INR,bsd100,108070.png,x4,4,31.396989256846464,0.026924679178534312,0.06719060242176056,0.026684269309043884,0.06663354486227036,False,4
SC-INR-NoSinc,bsd100,108070.png,x4,1,23.12402623666621,0.06979088220879007,0.0,0.0,0.0,False,4
SC-INR-NoSinc,bsd100,108070.png,x4,2,28.648728200197834,0.03694567367571171,0.0433751605451107,0.0,0.0433751605451107,False,4
SC-INR-NoSinc,bsd100,108070.png,x4,4,31.505285473963298,0.026591064673845567,0.06663354486227036,0.0,0.06663354486227036,False,4
LTE,bsd100,108082.png,x4,1,27.508923982696317,0.042126347009123155,0.0,0.0,0.0,False,4
LTE,bsd100,108082.png,x4,2,32.56101251557387,0.023547747714166026,0.02535994164645672,0.0055604781955480576,0.025682488456368446,False,4
LTE,bsd100,108082.png,x4,4,33.041242841598326,0.022281163110302787,0.04217999428510666,0.022742988541722298,0.0418575219810009,False,4
LTE-NoCellPhase,bsd100,108082.png,x4,1,27.4533192870281,0.04239689344751009,0.0,0.0,0.0,False,4
LTE-NoCellPhase,bsd100,108082.png,x4,2,32.58480787977878,0.02348332594084883,0.025682488456368446,0.0,0.025682488456368446,False,4
LTE-NoCellPhase,bsd100,108082.png,x4,4,34.14308183354822,0.019626637821168382,0.0418575219810009,0.0,0.0418575219810009,False,4
SC-INR-NoPhi,bsd100,108082.png,x4,1,27.55752875673595,0.04189127340298732,0.0,0.0,0.0,False,4
SC-INR-NoPhi,bsd100,108082.png,x4,2,32.69005281094894,0.023200500794246227,0.02527795359492302,0.005194942932575941,0.025682488456368446,False,4
SC-INR-NoPhi,bsd100,108082.png,x4,4,34.024770279034804,0.019895803639951904,0.04091513156890869,0.019755899906158447,0.0418575219810009,False,4
SC-INR,bsd100,108082.png,x4,1,27.51995063667192,0.04207290194493172,0.0,0.0,0.0,False,4
SC-INR,bsd100,108082.png,x4,2,32.591970793216916,0.023463968143395984,0.02528207190334797,0.005364868324249983,0.025682488456368446,False,4
SC-INR,bsd100,108082.png,x4,4,33.42640963583677,0.021314714418756854,0.04171442240476608,0.021373022347688675,0.0418575219810009,False,4
SC-INR-NoSinc,bsd100,108082.png,x4,1,27.533526529993555,0.04200719409981936,0.0,0.0,0.0,False,4
SC-INR-NoSinc,bsd100,108082.png,x4,2,32.58545748211281,0.02348156973008042,0.025682488456368446,0.0,0.025682488456368446,False,4
SC-INR-NoSinc,bsd100,108082.png,x4,4,33.749185860347694,0.020537175150306567,0.0418575219810009,0.0,0.0418575219810009,False,4
LTE,bsd100,109053.png,x4,1,29.29992518867802,0.03427707388084227,0.0,0.0,0.0,False,4
LTE,bsd100,109053.png,x4,2,34.38078778670051,0.01909680047895581,0.02025562897324562,0.003486644709482789,0.020403502508997917,False,4
LTE,bsd100,109053.png,x4,4,34.97172761687927,0.01784077101662071,0.03424268960952759,0.01669902354478836,0.033058010041713715,False,4
LTE-NoCellPhase,bsd100,109053.png,x4,1,29.258753445483062,0.03443993536529806,0.0,0.0,0.0,False,4
LTE-NoCellPhase,bsd100,109053.png,x4,2,34.33770917559871,0.019191748388384482,0.020403502508997917,0.0,0.020403502508997917,False,4
LTE-NoCellPhase,bsd100,109053.png,x4,4,36.65934563729233,0.01469036945269681,0.033058010041713715,0.0,0.033058010041713715,False,4
SC-INR-NoPhi,bsd100,109053.png,x4,1,29.323053294398605,0.03418592498268123,0.0,0.0,0.0,False,4
SC-INR-NoPhi,bsd100,109053.png,x4,2,34.41661778061222,0.019018186894975142,0.02020450308918953,0.003248301101848483,0.020403502508997917,False,4
SC-INR-NoPhi,bsd100,109053.png,x4,4,36.06416229752372,0.015732287890883708,0.03314762935042381,0.014235619455575943,0.033058010041713715,False,4
SC-INR,bsd100,109053.png,x4,1,29.335892747636688,0.03413542879266594,0.0,0.0,0.0,False,4
SC-INR,bsd100,109053.png,x4,2,34.439530990960776,0.018968083397631036,0.020197860896587372,0.003267239313572645,0.020403502508997917,False,4
SC-INR,bsd100,109053.png,x4,4,35.468915417634456,0.016848227926760124,0.0336594432592392,0.01542971096932888,0.033058010041713715,False,4
SC-INR-NoSinc,bsd100,109053.png,x4,1,29.29387701483019,0.034300950064600474,0.0,0.0,0.0,False,4
SC-INR-NoSinc,bsd100,109053.png,x4,2,34.38027278780106,0.01909793278931271,0.020403502508997917,0.0,0.020403502508997917,False,4
SC-INR-NoSinc,bsd100,109053.png,x4,4,36.571146070839816,0.014840300548981833,0.033058010041713715,0.0,0.033058010041713715,False,4
LTE,urban100,img_001.png,x4,1,27.82643269778965,0.04061424320430457,0.0,0.0,0.0,False,4
LTE,urban100,img_001.png,x4,2,34.347114575915704,0.019170978105793504,0.02941569872200489,0.012332210317254066,0.03199892118573189,False,4
LTE,urban100,img_001.png,x4,4,34.216739536550214,0.019460904577055883,0.042995333671569824,0.03212715685367584,0.048821985721588135,False,4
LTE-NoCellPhase,urban100,img_001.png,x4,1,27.633524046201128,0.041526353599988026,0.0,0.0,0.0,False,4
LTE-NoCellPhase,urban100,img_001.png,x4,2,33.86835078550496,0.02025734202208796,0.03199892118573189,0.0,0.03199892118573189,False,4
LTE-NoCellPhase,urban100,img_001.png,x4,4,31.91635015408693,0.02536194125636244,0.048821985721588135,0.0,0.048821985721588135,False,4
SC-INR-NoPhi,urban100,img_001.png,x4,1,27.788367475725607,0.04079262248320309,0.0,0.0,0.0,False,4
SC-INR-NoPhi,urban100,img_001.png,x4,2,34.453167303313464,0.01893832803681823,0.029570359736680984,0.011301781050860882,0.03199892118573189,False,4
SC-INR-NoPhi,urban100,img_001.png,x4,4,35.059768201462994,0.01766084951200431,0.042443446815013885,0.027421187609434128,0.048821985721588135,False,4
SC-INR,urban100,img_001.png,x4,1,27.861070059821436,0.04045260529637373,0.0,0.0,0.0,False,4
SC-INR,urban100,img_001.png,x4,2,34.49797109275587,0.018840891360287,0.02930031716823578,0.011417613364756107,0.03199892118573189,False,4
SC-INR,urban100,img_001.png,x4,4,34.92527952116766,0.017936430701402738,0.04224119335412979,0.028817497193813324,0.048821985721588135,False,4
SC-INR-NoSinc,urban100,img_001.png,x4,1,27.784903368293264,0.04080889464587204,0.0,0.0,0.0,False,4
SC-INR-NoSinc,urban100,img_001.png,x4,2,33.816006764282086,0.02037978799176302,0.03199892118573189,0.0,0.03199892118573189,False,4
SC-INR-NoSinc,urban100,img_001.png,x4,4,31.585207869413626,0.026347511729769457,0.048821985721588135,0.0,0.048821985721588135,False,4
LTE,urban100,img_002.png,x4,1,26.968051129713587,0.04483296313210168,0.0,0.0,0.0,False,4
LTE,urban100,img_002.png,x4,2,32.70076405331862,0.023171908095706576,0.0305666271597147,0.014782252721488476,0.03329087793827057,False,4
LTE,urban100,img_002.png,x4,4,32.29208269389548,0.024288229914555173,0.0481816902756691,0.038695964962244034,0.05309927836060524,False,4
LTE-NoCellPhase,urban100,img_002.png,x4,1,26.786556381216972,0.045779619737150064,0.0,0.0,0.0,False,4
LTE-NoCellPhase,urban100,img_002.png,x4,2,32.3497972561907,0.024127378494427407,0.03329087793827057,0.0,0.03329087793827057,False,4
LTE-NoCellPhase,urban100,img_002.png,x4,4,30.821196759010476,0.028770019884161776,0.05309927836060524,0.0,0.05309927836060524,False,4
SC-INR-NoPhi,urban100,img_002.png,x4,1,26.92084683685268,0.04507727539957655,0.0,0.0,0.0,False,4
SC-INR-NoPhi,urban100,img_002.png,x4,2,32.79676837050183,0.022917201403272733,0.030705133453011513,0.012711149640381336,0.03329087793827057,False,4
SC-INR-NoPhi,urban100,img_002.png,x4,4,33.5953208986931,0.02090421940911157,0.04660172015428543,0.03258027136325836,0.05309927836060524,False,4
SC-INR,urban100,img_002.png,x4,1,27.02720179699416,0.04452868912260052,0.0,0.0,0.0,False,4
SC-INR,urban100,img_002.png,x4,2,32.93569195606467,0.022553575512862876,0.030336687341332436,0.012996641919016838,0.03329087793827057,False,4
SC-INR,urban100,img_002.png,x4,4,33.22476127969806,0.021815337488527844,0.04670115187764168,0.03428453579545021,0.05309927836060524,False,4
SC-INR-NoSinc,urban100,img_002.png,x4,1,26.859818483806887,0.04539511031413464,0.0,0.0,0.0,False,4
SC-INR-NoSinc,urban100,img_002.png,x4,2,32.311657040958636,0.02423355607475924,0.03329087793827057,0.0,0.03329087793827057,False,4
SC-INR-NoSinc,urban100,img_002.png,x4,4,30.510217455490498,0.029818728943464327,0.05309927836060524,0.0,0.05309927836060524,False,4
LTE,urban100,img_003.png,x4,1,23.96165474807029,0.06337489642961493,0.0,0.0,0.0,False,4
LTE,urban100,img_003.png,x4,2,30.323051293125598,0.03046824473182174,0.043962594121694565,0.01531980186700821,0.04680168256163597,False,4
LTE,urban100,img_003.png,x4,4,31.24479971168151,0.027400596315510683,0.06554222106933594,0.04284759238362312,0.0706331729888916,False,4
LTE-NoCellPhase,urban100,img_003.png,x4,1,23.84366168907649,0.0642416838141756,0.0,0.0,0.0,False,4
LTE-NoCellPhase,urban100,img_003.png,x4,2,29.896184869834048,0.03200300478902421,0.04680168256163597,0.0,0.04680168256163597,False,4
LTE-NoCellPhase,urban100,img_003.png,x4,4,29.342816705314533,0.03410822857541324,0.0706331729888916,0.0,0.0706331729888916,False,4
SC-INR-NoPhi,urban100,img_003.png,x4,1,23.966187819298636,0.0633418303903607,0.0,0.0,0.0,False,4
SC-INR-NoPhi,urban100,img_003.png,x4,2,30.469470264028892,0.029958943007801407,0.04400761052966118,0.013830777257680893,0.04680168256163597,False,4
SC-INR-NoPhi,urban100,img_003.png,x4,4,32.43756553236836,0.023884806287410996,0.06419186294078827,0.03573659434914589,0.0706331729888916,False,4
SC-INR,urban100,img_003.png,x4,1,24.004119402899974,0.06306581752097093,0.0,0.0,0.0,False,4
SC-INR,urban100,img_003.png,x4,2,30.473488467322678,0.029945086824052905,0.04384896904230118,0.014065414667129517,0.04680168256163597,False,4
SC-INR,urban100,img_003.png,x4,4,32.15548375563247,0.02467321892349161,0.06436891853809357,0.03841688111424446,0.0706331729888916,False,4
SC-INR-NoSinc,urban100,img_003.png,x4,1,23.935056656774513,0.06356926164769972,0.0,0.0,0.0,False,4
SC-INR-NoSinc,urban100,img_003.png,x4,2,30.061785957063343,0.03139863021719781,0.04680168256163597,0.0,0.04680168256163597,False,4
SC-INR-NoSinc,urban100,img_003.png,x4,4,29.29442407854779,0.034298789754589436,0.0706331729888916,0.0,0.0706331729888916,False,4
LTE,urban100,img_004.png,x4,1,23.71857318353039,0.0651735444752506,0.0,0.0,0.0,False,4
LTE,urban100,img_004.png,x4,2,27.515845068104248,0.04209279328829381,0.0343342050909996,0.019963638857007027,0.038146693259477615,False,4
LTE,urban100,img_004.png,x4,4,28.701170617533748,0.03672328043442616,0.06288404017686844,0.053753044456243515,0.06935115158557892,False,4
LTE-NoCellPhase,urban100,img_004.png,x4,1,23.14995506594082,0.06958285543687877,0.0,0.0,0.0,False,4
LTE-NoCellPhase,urban100,img_004.png,x4,2,26.4228844116043,0.04773707219883829,0.038146693259477615,0.0,0.038146693259477615,False,4
LTE-NoCellPhase,urban100,img_004.png,x4,4,26.57277704735565,0.04692033969086688,0.06935115158557892,0.0,0.06935115158557892,False,4
SC-INR-NoPhi,urban100,img_004.png,x4,1,23.466895896959503,0.06708960040296819,0.0,0.0,0.0,False,4
SC-INR-NoPhi,urban100,img_004.png,x4,2,27.250347996863816,0.04339928755369757,0.03464673459529877,0.019581589847803116,0.038146693259477615,False,4
SC-INR-NoPhi,urban100,img_004.png,x4,4,29.529485123072195,0.03338302931702898,0.06209510192275047,0.04797292500734329,0.06935115158557892,False,4
SC-INR,urban100,img_004.png,x4,1,23.684637240865563,0.06542867688209858,0.0,0.0,0.0,False,4
SC-INR,urban100,img_004.png,x4,2,27.54594692763801,0.041947168792287444,0.03435370698571205,0.019332099705934525,0.038146693259477615,False,4
SC-INR,urban100,img_004.png,x4,4,29.434398122898205,0.033750490887590856,0.061710938811302185,0.04959489405155182,0.06935115158557892,False,4
SC-INR-NoSinc,urban100,img_004.png,x4,1,23.493166698270986,0.06688699192525344,0.0,0.0,0.0,False,4
SC-INR-NoSinc,urban100,img_004.png,x4,2,26.665596476375157,0.04642160759983325,0.038146693259477615,0.0,0.038146693259477615,False,4
SC-INR-NoSinc,urban100,img_004.png,x4,4,26.237348828262775,0.04876773198818587,0.06935115158557892,0.0,0.06935115158557892,False,4
LTE,urban100,img_005.png,x4,1,27.79835095888373,0.04074576274632056,0.0,0.0,0.0,False,4
LTE,urban100,img_005.png,x4,2,32.73037955319298,0.02309303545515848,0.029821423813700676,0.02122838981449604,0.031243937090039253,False,4
LTE,urban100,img_005.png,x4,4,31.637596994199143,0.026189074451611543,0.045708686113357544,0.05192367359995842,0.054130617529153824,False,4
LTE-NoCellPhase,urban100,img_005.png,x4,1,27.78088299057923,0.04082778794910115,0.0,0.0,0.0,False,4
LTE-NoCellPhase,urban100,img_005.png,x4,2,30.906156290215474,0.028489982697817558,0.031243937090039253,0.0,0.031243937090039253,False,4
LTE-NoCellPhase,urban100,img_005.png,x4,4,27.639147228078112,0.04149947844055129,0.054130617529153824,0.0,0.054130617529153824,False,4
SC-INR-NoPhi,urban100,img_005.png,x4,1,28.11775846928267,0.03927462766893586,0.0,0.0,0.0,False,4
SC-INR-NoPhi,urban100,img_005.png,x4,2,33.310596789395596,0.02160081614964875,0.0285795945674181,0.017942724749445915,0.031243937090039253,False,4
SC-INR-NoPhi,urban100,img_005.png,x4,4,32.4704419604152,0.023794572249697006,0.043145306408405304,0.04179107025265694,0.054130617529153824,False,4
SC-INR,urban100,img_005.png,x4,1,27.869757413340395,0.04041216609975373,0.0,0.0,0.0,False,4
SC-INR,urban100,img_005.png,x4,2,33.140654288482885,0.02202760527819642,0.028999565169215202,0.01917063258588314,0.031243937090039253,False,4
SC-INR,urban100,img_005.png,x4,4,32.52085876369539,0.023656857933502907,0.044116318225860596,0.04427159205079079,0.054130617529153824,False,4
SC-INR-NoSinc,urban100,img_005.png,x4,1,28.061215338710333,0.03953113038295621,0.0,0.0,0.0,False,4
SC-INR-NoSinc,urban100,img_005.png,x4,2,30.83603418544594,0.028720916259555886,0.031243937090039253,0.0,0.031243937090039253,False,4
SC-INR-NoSinc,urban100,img_005.png,x4,4,27.386104245359768,0.042726251025676704,0.054130617529153824,0.0,0.054130617529153824,False,4
LTE,urban100,img_006.png,x4,1,22.700179258994346,0.07328094092956632,0.0,0.0,0.0,False,4
LTE,urban100,img_006.png,x4,2,29.52753249968065,0.033390534801678175,0.05247429758310318,0.017288655042648315,0.054509393870830536,False,4
LTE,urban100,img_006.png,x4,4,30.991449536559237,0.028211587373692722,0.07643703371286392,0.051429979503154755,0.08369787037372589,False,4
LTE-NoCellPhase,urban100,img_006.png,x4,1,22.613101017257186,0.07401929582065869,0.0,0.0,0.0,False,4
LTE-NoCellPhase,urban100,img_006.png,x4,2,29.186765097723292,0.034726558458415976,0.054509393870830536,0.0,0.054509393870830536,False,4
LTE-NoCellPhase,urban100,img_006.png,x4,4,27.74670739523456,0.04098874585099127,0.08369787037372589,0.0,0.08369787037372589,False,4
SC-INR-NoPhi,urban100,img_006.png,x4,1,22.662195460672322,0.07360210360154124,0.0,0.0,0.0,False,4
SC-INR-NoPhi,urban100,img_006.png,x4,2,29.708910742620994,0.032700505245927845,0.05259210616350174,0.015385447070002556,0.054509393870830536,False,4
SC-INR-NoPhi,urban100,img_006.png,x4,4,31.83492840261672,0.025600802538703227,0.07583364844322205,0.04206271097064018,0.08369787037372589,False,4
SC-INR,urban100,img_006.png,x4,1,22.701888574869614,0.07326652122627896,0.0,0.0,0.0,False,4
SC-INR,urban100,img_006.png,x4,2,29.75379059041827,0.03253197804088881,0.052210137248039246,0.015899628400802612,0.054509393870830536,False,4
SC-INR,urban100,img_006.png,x4,4,31.549443383657362,0.026456222282372505,0.07564746588468552,0.044473253190517426,0.08369787037372589,False,4
SC-INR-NoSinc,urban100,img_006.png,x4,1,22.707882142908403,0.07321598219962064,0.0,0.0,0.0,False,4
SC-INR-NoSinc,urban100,img_006.png,x4,2,29.23521219806208,0.03453340405546548,0.054509393870830536,0.0,0.054509393870830536,False,4
SC-INR-NoSinc,urban100,img_006.png,x4,4,27.59608359926553,0.041705738904634075,0.08369787037372589,0.0,0.08369787037372589,False,4
LTE,urban100,img_007.png,x4,1,29.668662270425305,0.03285238369574174,0.0,0.0,0.0,False,4
LTE,urban100,img_007.png,x4,2,33.57244783268138,0.02095934026895169,0.019592052325606346,0.009724359028041363,0.021419426426291466,False,4
LTE,urban100,img_007.png,x4,4,31.879798403529904,0.02546889364313211,0.03705023601651192,0.03223540261387825,0.03831871226429939,False,4
LTE-NoCellPhase,urban100,img_007.png,x4,1,29.5469047623682,0.03331614640454698,0.0,0.0,0.0,False,4
LTE-NoCellPhase,urban100,img_007.png,x4,2,33.30361856480439,0.021618177170703624,0.021419426426291466,0.0,0.021419426426291466,False,4
LTE-NoCellPhase,urban100,img_007.png,x4,4,31.70436722202785,0.02598852544502392,0.03831871226429939,0.0,0.03831871226429939,False,4
SC-INR-NoPhi,urban100,img_007.png,x4,1,29.673886724509412,0.03283262933904555,0.0,0.0,0.0,False,4
SC-INR-NoPhi,urban100,img_007.png,x4,2,33.53186238472344,0.021057503461961887,0.019445471465587616,0.009354992769658566,0.021419426426291466,False,4
SC-INR-NoPhi,urban100,img_007.png,x4,4,32.992530448919176,0.022406471858612102,0.03490716218948364,0.028638124465942383,0.03831871226429939,False,4
SC-INR,urban100,img_007.png,x4,1,29.73819479090691,0.0325904427455845,0.0,0.0,0.0,False,4
SC-INR,urban100,img_007.png,x4,2,33.69161376779513,0.020673752446952843,0.01934572495520115,0.009113705717027187,0.021419426426291466,False,4
SC-INR,urban100,img_007.png,x4,4,32.480250288445326,0.02376771797717708,0.035667017102241516,0.029636986553668976,0.03831871226429939,False,4
SC-INR-NoSinc,urban100,img_007.png,x4,1,29.710624066729928,0.032694055585503236,0.0,0.0,0.0,False,4
SC-INR-NoSinc,urban100,img_007.png,x4,2,33.23181149002061,0.021797637480684324,0.021419426426291466,0.0,0.021419426426291466,False,4
SC-INR-NoSinc,urban100,img_007.png,x4,4,31.363697248549588,0.02702807638144611,0.03831871226429939,0.0,0.03831871226429939,False,4
LTE,urban100,img_008.png,x4,1,21.317807667266404,0.08592303652861874,0.0,0.0,0.0,False,4
LTE,urban100,img_008.png,x4,2,27.225020567823236,0.043526021436297295,0.0585881732404232,0.024362707510590553,0.05949139595031738,False,4
LTE,urban100,img_008.png,x4,4,29.08039665457259,0.035154438634408904,0.08751986175775528,0.0635242760181427,0.09012563526630402,False,4
LTE-NoCellPhase,urban100,img_008.png,x4,1,21.374404443165545,0.08536498686540119,0.0,0.0,0.0,False,4
LTE-NoCellPhase,urban100,img_008.png,x4,2,26.955277333056582,0.04489894468294175,0.05949139595031738,0.0,0.05949139595031738,False,4
LTE-NoCellPhase,urban100,img_008.png,x4,4,26.546660589172205,0.04706163059197169,0.09012563526630402,0.0,0.09012563526630402,False,4
SC-INR-NoPhi,urban100,img_008.png,x4,1,21.444296473145567,0.0846808436943286,0.0,0.0,0.0,False,4
SC-INR-NoPhi,urban100,img_008.png,x4,2,27.6068325604938,0.04165415914509801,0.058038804680109024,0.02016492746770382,0.05949139595031738,False,4
SC-INR-NoPhi,urban100,img_008.png,x4,4,29.916865840047606,0.03192689676668482,0.08470095694065094,0.05140732228755951,0.09012563526630402,False,4
SC-INR,urban100,img_008.png,x4,1,21.493028260351196,0.08420707595628646,0.0,0.0,0.0,False,4
SC-INR,urban100,img_008.png,x4,2,27.754892268554787,0.04095013959557587,0.05779862031340599,0.022148270159959793,0.05949139595031738,False,4
SC-INR,urban100,img_008.png,x4,4,29.767634986841998,0.03248016678422589,0.08463835716247559,0.054347727447748184,0.09012563526630402,False,4
SC-INR-NoSinc,urban100,img_008.png,x4,1,21.514139316776586,0.08400265916024151,0.0,0.0,0.0,False,4
SC-INR-NoSinc,urban100,img_008.png,x4,2,26.853306038164813,0.04542915910559499,0.05949139595031738,0.0,0.05949139595031738,False,4
SC-INR-NoSinc,urban100,img_008.png,x4,4,26.007052465844602,0.050078046225100495,0.09012563526630402,0.0,0.09012563526630402,False,4
LTE,urban100,img_009.png,x4,1,34.1661783480481,0.019574518258633943,0.0,0.0,0.0,False,4
LTE,urban100,img_009.png,x4,2,39.7640301018422,0.010275394270682726,0.01337665505707264,0.008116810582578182,0.013918665237724781,False,4
LTE,urban100,img_009.png,x4,4,39.08835252844155,0.011106631772543894,0.020689938217401505,0.01938854157924652,0.023598134517669678,False,4
LTE-NoCellPhase,urban100,img_009.png,x4,1,34.18102011400578,0.019541099419240194,0.0,0.0,0.0,False,4
LTE-NoCellPhase,urban100,img_009.png,x4,2,38.79748112397115,0.011484866301049331,0.013918665237724781,0.0,0.013918665237724781,False,4
LTE-NoCellPhase,urban100,img_009.png,x4,4,36.58888990357582,0.01481001521941144,0.023598134517669678,0.0,0.023598134517669678,False,4
SC-INR-NoPhi,urban100,img_009.png,x4,1,34.25641131683869,0.01937222186026063,0.0,0.0,0.0,False,4
SC-INR-NoPhi,urban100,img_009.png,x4,2,39.86135034382748,0.01016090714984516,0.013207653537392616,0.00672841165214777,0.013918665237724781,False,4
SC-INR-NoPhi,urban100,img_009.png,x4,4,40.33753514287418,0.009618852007113472,0.02002856135368347,0.01616869680583477,0.023598134517669678,False,4
SC-INR,urban100,img_009.png,x4,1,34.22929193682495,0.01943280099205493,0.0,0.0,0.0,False,4
SC-INR,urban100,img_009.png,x4,2,39.77104849532398,0.010267094875336637,0.013148059137165546,0.0074778045527637005,0.013918665237724781,False,4
SC-INR,urban100,img_009.png,x4,4,39.923361776219835,0.01008862341643158,0.020162615925073624,0.017627790570259094,0.023598134517669678,False,4
SC-INR-NoSinc,urban100,img_009.png,x4,1,34.329705666955526,0.019209440544202226,0.0,0.0,0.0,False,4
SC-INR-NoSinc,urban100,img_009.png,x4,2,39.414058832032694,0.010697863652950779,0.013918665237724781,0.0,0.013918665237724781,False,4
SC-INR-NoSinc,urban100,img_009.png,x4,4,37.04384989043207,0.014054244527268939,0.023598134517669678,0.0,0.023598134517669678,False,4
LTE,urban100,img_010.png,x4,1,27.56031733354408,0.041877826503650295,0.0,0.0,0.0,False,4
LTE,urban100,img_010.png,x4,2,35.10502893553821,0.01756906110147738,0.034019894897937775,0.01945008896291256,0.0407068245112896,False,4
LTE,urban100,img_010.png,x4,4,33.545562655002016,0.021024315602140527,0.04644939303398132,0.04363555833697319,0.05890562757849693,False,4
LTE-NoCellPhase,urban100,img_010.png,x4,1,26.98514437567323,0.04474482163611162,0.0,0.0,0.0,False,4
LTE-NoCellPhase,urban100,img_010.png,x4,2,34.80001286353767,0.018196981636905012,0.0407068245112896,0.0,0.0407068245112896,False,4
LTE-NoCellPhase,urban100,img_010.png,x4,4,30.056239146442,0.031418687791574945,0.05890562757849693,0.0,0.05890562757849693,False,4
SC-INR-NoPhi,urban100,img_010.png,x4,1,27.70205614810952,0.04119999777646097,0.0,0.0,0.0,False,4
SC-INR-NoPhi,urban100,img_010.png,x4,2,35.50886051286608,0.016770923362174617,0.03408639878034592,0.01724999211728573,0.0407068245112896,False,4
SC-INR-NoPhi,urban100,img_010.png,x4,4,34.66957443436213,0.01847231297890956,0.044659681618213654,0.037453219294548035,0.05890562757849693,False,4
SC-INR,urban100,img_010.png,x4,1,27.499615576249255,0.042171516746251546,0.0,0.0,0.0,False,4
SC-INR,urban100,img_010.png,x4,2,35.53482355526574,0.0167208681466593,0.034453436732292175,0.01757880672812462,0.0407068245112896,False,4
SC-INR,urban100,img_010.png,x4,4,34.64101192885889,0.018533156947115482,0.04562796652317047,0.03831112012267113,0.05890562757849693,False,4
SC-INR-NoSinc,urban100,img_010.png,x4,1,27.27758886043553,0.04326339103833525,0.0,0.0,0.0,False,4
SC-INR-NoSinc,urban100,img_010.png,x4,2,34.057367976937854,0.019821275647623964,0.0407068245112896,0.0,0.0407068245112896,False,4
SC-INR-NoSinc,urban100,img_010.png,x4,4,29.226904350330823,0.034566450240018504,0.05890562757849693,0.0,0.05890562757849693,False,4
